LandProvince;SeaZone;x;y;
3;2503;1704.58;2337.8;
4;2504;1735.21;2319.16;
5;2504;1761.46;2313.18;
6;2504;1798.35;2300.46;
7;2502;1823.69;2271.84;
9;2502;1840.5;2265.5;
10;2502;1874.39;2247.17;
11;2502;1878.37;2239.69;
12;2505;1918;2211;
13;2505;1934.7;2196.88;
14;2503;1665.12;2375.97;
15;2503;1685;2361;
17;2546;1645.17;2399.46;
22;2546;1633;2408;
29;2529;1845.43;2399.95;
35;2529;1870;2383;
36;2529;1906.52;2377.58;
38;2530;1936;2345;
39;2530;1950.44;2333.67;
50;2530;1945.16;2358.23;
51;2505;1937.71;2183.93;
52;2522;1988;2192;
54;2522;2003.5;2235;
55;2522;2012.25;2251.25;
56;2522;2033;2248;
57;2532;2083.57;2274.72;
58;2530;1967.63;2326.82;
61;2522;1995.66;2219.15;
62;2522;2069.74;2240.56;
63;2513;2097.65;2205.54;
64;2513;2117.5;2215;
65;2533;2109.67;2252.35;
66;2531;2016.22;2309.65;
67;2531;2040.28;2294.22;
69;2531;1989.29;2318.15;
72;2501;1944.5;2021.8;
73;2514;1977;2042;
74;2510;2003.65;2077.45;
75;2505;1959.88;2094.36;
76;2505;1972.07;2110.61;
77;2505;1951.4;2160.36;
78;2511;2039;2129;
79;2511;2015.37;2172.46;
80;2501;1930.45;2035.58;
81;2501;1923.25;2023.23;
82;2518;1906.19;1976.61;
84;2518;1910.93;1922.28;
85;2519;1849.48;1936.19;
86;2519;1815.49;1944;
91;2520;1768.56;1972.65;
93;2520;1747.22;1981.16;
94;2517;1715.96;1997.16;
95;2521;1744.59;2025.45;
96;2506;1778.33;2039.08;
97;2506;1800.99;2022.02;
98;2506;1828.46;2026.3;
99;2500;1880.84;2040.42;
100;2506;1857.3;2028.45;
101;2516;1869.58;1914.85;
106;2528;1821;2418;
108;2528;1799.91;2449.06;
111;2528;1794;2467.09;
112;2546;1607.73;2429.08;
114;2546;1586.93;2452.37;
117;2527;1776;2508;
121;2527;1747.12;2531.72;
126;2546;1579.19;2457.64;
127;2546;1560.39;2438.63;
128;2547;1569;2488;
133;2509;1709.8;2556.56;
136;2547;1557;2510;
137;2547;1548.2;2543.6;
141;2548;1517;2562;
142;2508;1686.29;2589.14;
143;2507;1682.8;2660.29;
144;2508;1680.23;2619.09;
145;2508;1683.67;2625.36;
156;2588;2967.64;1995.93;
161;2588;2990.31;2012.48;
162;2587;3007.79;2028.86;
164;2587;3010.54;2039.6;
165;2587;3011.29;2069.25;
166;2587;3026.08;2070.14;
168;2587;3044.04;2072.65;
206;2732;3067.39;2551.93;
207;2731;2968.83;2459.4;
208;2732;3030.01;2528.47;
209;2731;3000.12;2498.05;
212;2731;3012.19;2511.42;
220;2595;2690.36;2074.62;
234;2731;2892.77;2440.52;
238;2731;2949.01;2443.69;
239;2731;2878.79;2434.71;
240;2623;2820.5;2404.72;
241;8019;2829.05;2432.41;
242;2623;2860.33;2395.41;
243;2623;2869.43;2395.11;
245;2623;2830.18;2355.82;
246;2623;2840.55;2384.06;
248;2623;2808.34;2351.3;
252;2618;2748.61;2335.68;
254;2618;2733.26;2331.57;
255;2618;2699.82;2337.01;
256;2618;2681.93;2329.65;
257;2618;2643.27;2284.9;
258;2619;2646.61;2258.48;
259;2617;2671.93;2245.33;
261;2618;2663.73;2309.88;
263;2608;2636.59;2024.08;
266;2589;2848.68;1994.62;
270;2621;2587.6;2275.93;
275;2594;2787.26;2061.29;
277;2620;2554.18;2171.11;
279;2617;2716.68;2199.62;
280;2592;2792.07;1904.28;
281;2617;2702.69;2253.92;
282;2617;2702.16;2216.89;
283;2617;2685.71;2214.27;
284;2617;2648.62;2204.22;
285;2617;2712.08;2185.47;
286;2617;2669.32;2141.49;
287;2617;2733.71;2157.99;
288;2595;2710.89;2132.92;
289;2617;2678.38;2164.45;
290;2595;2752.88;2117.74;
291;2595;2730.13;2124.67;
297;2619;2620.08;2289.91;
310;2594;2732.93;2041.99;
330;2680;3294.01;2019.05;
331;2679;3276.32;1975.09;
332;2679;3263.27;1947.24;
333;2680;3195.79;1955.01;
334;2677;3178.76;1911.29;
335;2680;3226.74;1980;
338;2677;3233.03;1920.43;
341;8019;2787.68;2434.86;
342;2736;2749.56;2449.86;
343;2736;2734.36;2469.98;
344;2598;2719.7;1865.14;
345;2623;2772.61;2403.73;
346;2623;2751.28;2396.85;
347;2618;2717.12;2377.78;
349;8020;2646.01;2307.48;
350;8020;2674.58;2348.52;
351;2599;2609.25;1867.14;
354;8020;2639.27;2338.09;
355;2597;2691.2;1840.42;
356;2616;2522.75;2334.59;
357;2616;2611.46;2356.11;
358;2598;2641;1864.8;
359;2598;2660.62;1866.23;
361;2601;2628.72;1824.26;
362;2616;2553.88;2360.34;
363;2616;2518.6;2350.89;
365;2616;2482.57;2327.76;
366;2616;2469.08;2324.08;
367;2599;2561.35;1869.93;
368;2599;2536.25;1864.6;
370;2600;2561.59;1840.4;
372;2601;2617.69;1835.88;
373;6418;2416.9;2303.92;
375;2608;2671.79;1997.26;
376;6418;2443;2277;
377;2616;2480.01;2304.62;
378;2615;2479.02;2270.39;
379;7709;2384.69;2331.36;
380;6418;2399.8;2258.31;
387;2608;2621.06;1984.56;
391;7906;2435.77;2192.53;
392;6418;2425.29;2228.07;
398;7906;2428.78;2184.68;
399;7907;2417.41;2152.26;
402;7907;2452.82;2140.59;
403;7906;2451.72;2167.61;
406;7907;2481.23;2126.03;
407;2605;2501.13;2118.99;
409;2605;2555.37;2089.83;
410;2614;2528.28;2141.33;
413;2605;2516.75;2112.18;
415;2534;2174.18;2341.57;
416;2604;2504.73;2074.82;
417;2604;2479;2076;
418;2604;2459.24;2067.12;
419;2613;2243.33;2186.89;
420;6436;2489.56;2186.64;
421;2613;2225.65;2215.86;
422;2534;2172.88;2296.88;
424;7748;2427.02;2104.57;
428;6418;2403.24;2294.3;
429;5865;2477.52;1961.83;
430;4724;2444;1965;
431;4723;2396.88;1978.88;
432;2611;2377.23;1962.97;
433;2611;2369.72;2010.18;
434;7747;2362.07;2084.77;
437;2607;2571.58;2013.04;
440;2603;2444.19;2036.34;
441;2604;2474.16;2047.08;
442;2604;2488.03;2058.51;
443;7749;2558.61;2038.95;
444;7748;2395.69;2090.06;
445;2577;3014.59;1523.55;
446;2611;2333.66;2043.63;
447;2609;2601.85;2042.35;
450;7750;2470.47;1988.37;
451;2604;2499.6;2035.53;
452;2609;2611.54;2057.17;
453;2578;3043.99;1541.49;
454;2602;2651.6;1954.13;
457;7747;2356;2095;
458;7748;2404.86;2100.84;
459;2612;2288.65;2111.78;
460;2611;2313.31;2033.61;
461;2612;2277.35;2086.82;
463;2613;2286.32;2134.43;
464;2613;2289.61;2148.84;
465;2613;2313;2150;
467;2533;2183.16;2257.39;
468;7748;2453.21;2093.94;
470;2613;2224.93;2192.81;
471;5865;2484.95;1918.67;
472;7749;2549.34;2051.29;
473;4723;2416.69;1968.45;
480;2736;2706.18;2541.82;
481;2736;2695.18;2526.78;
482;2736;2706.89;2514.13;
505;7684;3289;1494.77;
507;7667;3203.47;1516.58;
508;2579;3226.77;1591.82;
509;2580;3275.38;1605.98;
510;2579;3237.07;1588.64;
516;2578;3060.24;1559.43;
517;7682;3119.19;1563.86;
519;7681;3147.82;1547.13;
521;7677;3168.15;1580.9;
522;7679;3186.84;1607.72;
523;2579;3148;1619.96;
529;2578;3079.92;1578.22;
530;2578;3090.6;1582.2;
533;2579;3130.87;1599.62;
535;2580;3320.81;1621.84;
536;7687;3186.18;1481.82;
580;1473;3549;1172;
583;1478;3671.6;1023.7;
585;1476;3652.63;1065.96;
587;1476;3607.2;1105.18;
647;1473;3476.06;1245.84;
649;652;3458.35;1279.61;
650;652;3426.14;1312.43;
656;2580;3360.46;1626.61;
657;2580;3376.8;1637.53;
658;2580;3386.08;1648.15;
659;2580;3393.3;1660.55;
660;2580;3398.88;1674.04;
661;2581;3404.75;1693.57;
662;2581;3406.66;1707.55;
663;2581;3408.32;1722.92;
664;2581;3408.88;1731.96;
665;2581;3408.39;1749.15;
666;2581;3405.95;1784.43;
667;2581;3407.69;1759.36;
668;2581;3407.06;1770.72;
670;2582;3411.22;1801.3;
704;7745;3481.94;1499.9;
724;7745;3488.92;1460.27;
725;7746;3493.87;1394.91;
743;2582;3412.93;1835.69;
744;2582;3410.47;1821.51;
746;2582;3414.01;1853.39;
747;2582;3416.53;1865.51;
748;2582;3419.78;1896.42;
766;2582;3423.94;1912.83;
767;2583;3420.54;1931.86;
769;2583;3429.99;1950.18;
771;2583;3436.06;1958.53;
779;2583;3416.17;1984.41;
780;2583;3414.74;2004.76;
785;2583;3412.15;2022.71;
786;2583;3402.15;2036.78;
788;2584;3394.58;2062.11;
789;2584;3397.26;2086.17;
795;2584;3392.1;2132.93;
796;2584;3391.17;2157.9;
912;7716;4093.58;2034.55;
918;7721;4073.77;1987.99;
940;7722;4372.98;1938.1;
942;2816;4405.29;1897.18;
944;2815;4462.52;1823.85;
963;2815;4481.3;1835.19;
964;2815;4447.9;1836.91;
965;2816;4445.02;1873.29;
969;2816;4469.82;1932.28;
971;2816;4446.61;1921.93;
1000;2552;1090.86;2389.86;
1001;2552;1090.59;2425.35;
1003;2552;1075.01;2368.29;
1004;2553;1034.63;2348.37;
1006;2553;1014.77;2332.19;
1009;2523;952.4;2318.89;
1012;8037;906.044;2296.58;
1017;4743;779.143;2543.7;
1029;2524;845.791;2204.2;
1030;2524;834.725;2181.78;
1031;2525;862.013;2114.49;
1032;2524;838.022;2157.31;
1033;2525;814.991;2086.43;
1034;2525;801.465;2069.93;
1035;2525;792.41;2050.32;
1036;2525;783.065;2032.48;
1037;2525;838.803;2100.09;
1051;4733;293.824;2441;
1053;2523;972.1;2323.88;
1063;2523;933.528;2312.95;
1083;4743;745.282;2541.83;
1099;4743;728.239;2551.05;
1106;4742;694.229;2553.43;
1107;4742;656.253;2569.54;
1108;4742;610.23;2568.35;
1114;4741;550.125;2590.78;
1115;4741;572.422;2580.73;
1118;4741;511.716;2602.99;
1124;4741;474.892;2605.8;
1130;4738;352.053;2613.22;
1131;4738;360.438;2616.58;
1132;4740;397.148;2635.88;
1133;4740;424.431;2626.78;
1134;4740;432.505;2615.46;
1136;4738;331.372;2610.34;
1137;4738;295.046;2580.59;
1138;4733;299.243;2554.94;
1149;4733;305.929;2533.51;
1150;4733;298.908;2499.59;
1151;4733;295.444;2464.76;
1235;2524;861.542;2224.32;
1239;2523;897.535;2267.18;
1240;2524;875.843;2243.45;
1273;2554;743.41;2021.97;
1274;2554;716.938;2003.66;
1276;2554;702.779;1980.44;
1278;2555;667.312;1967.8;
1282;2555;655.819;1968.88;
1283;2555;617.464;1966.74;
1289;4733;295.258;2424.01;
1291;4731;290.22;2394.45;
1293;4731;268.596;2347.08;
1294;4731;262.596;2327.53;
1297;4731;248.572;2305.03;
1316;4727;227.254;2277.6;
1318;4727;217.163;2198.57;
1319;4727;204.432;2214.42;
1321;4726;237.363;2184.63;
1322;4726;239.666;2171.94;
1324;4726;232.049;2151.99;
1330;4726;229.987;2126.55;
1333;4591;227;2077;
1334;4591;268.623;2051.51;
1335;2780;307.407;2054.19;
1336;4592;225.345;2105.11;
1339;2780;337.737;2053.51;
1340;2780;365.675;2034.99;
1341;7665;389;2027;
1342;2780;377.397;1998.21;
1344;2780;384.895;1978.47;
1345;2730;404.795;1949.08;
1347;2730;416.206;1937.35;
1348;2730;453.809;1950.67;
1350;2556;476.543;1963.5;
1361;2556;507.544;1968.13;
1362;2556;520.166;1977.91;
1366;2556;545.403;1977.52;
1367;2555;574.596;1973.08;
1453;2623;2808.94;2403.25;
1464;2723;950.668;2121.96;
1465;2718;1037.52;2174.01;
1466;2718;1054.11;2155.06;
1467;2719;1073.32;2194.13;
1468;2720;1082.4;2164.25;
1469;2719;1133.04;2214.41;
1470;2625;1682.61;1908.05;
1471;2630;1860.07;1832.15;
1472;2500;1891.18;2067.16;
1600;7744;3345.06;1436.76;
1604;7743;3307.01;1482.16;
1653;2594;2744.23;2027.96;
1675;7744;3364.24;1417.22;
1682;652;3412.71;1367.67;
1688;7745;3477.81;1464.36;
1708;7746;3477.71;1405.92;
1720;2735;3609.71;2717.76;
1723;2735;3620.93;2701.8;
1724;2735;3623;2691.59;
1725;2735;3616.95;2672.91;
1726;2735;3612.76;2655.61;
1727;2735;3602.85;2642.8;
1729;2734;3578.75;2616.7;
1730;2734;3568.18;2605.76;
1731;2734;3553.35;2593.66;
1732;2734;3538.37;2588.45;
1734;2734;3520.52;2586.46;
1737;2735;3584.5;2752.48;
1738;2735;3563.34;2767.35;
1741;2744;3542.24;2778.56;
1742;2744;3518.93;2779.94;
1743;2744;3486.07;2786.81;
1745;2744;3452.66;2799.65;
1774;2616;2589.13;2322.45;
1793;2733;3371.14;2546.84;
1795;2733;3393.99;2551.53;
1797;2734;3473.57;2576.54;
1798;2734;3438.44;2554.34;
1806;2733;3331.42;2558.98;
1807;2733;3289.2;2548.91;
1809;2733;3270.07;2567.47;
1810;2733;3225.49;2562.47;
1812;2733;3194.06;2582.68;
1814;2732;3157.68;2573.6;
1815;2732;3120.09;2566.57;
1816;2732;3094.55;2562.49;
1830;2591;2839.76;1961.48;
1835;2608;2632.84;2049.11;
1876;2589;2844.55;2028.54;
1879;2584;3372.32;2150.15;
1880;8029;3349.28;2171.23;
1881;8028;3338.09;2145.69;
1883;8051;3307.71;2145.3;
1884;2590;2816.95;2011.54;
1887;2585;3288.2;2125.59;
1889;2584;3344.91;2120.39;
1890;2585;3247.68;2070.77;
1892;2585;3268.74;2101.1;
1897;2586;3222.94;2050.18;
1901;2586;3182.64;2032.72;
1903;6437;2587.64;2089.37;
1904;2586;3141.16;2036.49;
1905;2587;3099.48;2061.89;
1906;2587;3122.72;2052.39;
1910;2587;3063.18;2070.34;
1911;2587;3032.36;2072.37;
1915;2608;2625.81;2025.43;
1964;2607;2576.62;1983.07;
1970;2590;2771.84;2018.87;
1972;2594;2766.97;2088.36;
1973;2594;2761.64;2080.27;
1974;2595;2735.02;2090.97;
1981;2590;2779.99;2036.93;
1985;2590;2834.6;2045.64;
1987;2590;2784.98;2007.08;
1989;2589;2865.97;2033.01;
1992;2589;2900.48;2029.5;
1995;2588;2920.23;1999.02;
1996;2593;2715.65;1984.8;
1998;2588;2928.66;1994.9;
2000;5699;676.411;3171.53;
2001;5699;717.897;3175.57;
2002;5715;689.625;3212.39;
2003;5700;758;3188;
2004;5718;718.956;3238.69;
2005;5717;747.109;3253.65;
2006;5706;786.206;3198.13;
2007;5706;819.179;3186.97;
2008;5717;784.813;3245.56;
2009;5717;795.35;3255.63;
2010;5705;862.121;3190.7;
2013;5705;904.358;3189.55;
2014;5705;887.679;3174.81;
2017;5705;914.164;3185.95;
2019;5708;943.507;3189.8;
2020;5708;993.423;3187.31;
2021;5710;1040.89;3218.14;
2022;8035;976.748;3257.14;
2023;5778;1006.33;3240.9;
2024;5717;814.263;3269.21;
2028;5778;1017.92;3255.97;
2029;5778;1046.44;3283.31;
2031;5776;1004.69;3373.79;
2033;5777;1070.95;3340.7;
2036;5777;1062.69;3305.5;
2037;5776;989.719;3366.79;
2039;5717;853;3289;
2040;5717;804.905;3272.04;
2047;5733;815.986;3438.48;
2057;5776;993.665;3386.27;
2063;5776;984.923;3375.53;
2071;5733;818.582;3453.75;
2073;5736;826.995;3480.54;
2075;8036;958.388;3448.37;
2076;5775;989.696;3437.18;
2079;5774;958.275;3519.51;
2080;5736;838.724;3500.58;
2081;5736;829.322;3504.37;
2082;5737;804.533;3530.83;
2083;5737;819.212;3566.74;
2085;5774;934.002;3539.43;
2087;5774;926.531;3560.28;
2089;5773;921.108;3582.72;
2090;5773;914.326;3625.55;
2091;5737;820.247;3578.51;
2092;5717;796.099;3268.93;
2093;5717;764.228;3266.01;
2094;5717;749.232;3284.84;
2095;5718;724.318;3298.95;
2096;5731;739.24;3347.04;
2099;5719;684.177;3314.51;
2103;5731;750.966;3366.54;
2104;5731;748.544;3401.17;
2105;5732;734.651;3442.56;
2106;5733;799.567;3436.52;
2108;5735;740;3507;
2109;5739;731.779;3595.82;
2110;5737;790.404;3566.08;
2111;5772;886.573;3657.75;
2112;5739;762.982;3637.02;
2114;5772;846.671;3664.04;
2115;5772;859.764;3681.17;
2116;5771;916.399;3761.35;
2117;5739;748.072;3657.25;
2118;5758;721.989;3759.25;
2119;5765;740.824;3825.34;
2120;5768;817.832;3808.97;
2121;5765;770.17;3869.61;
2122;5767;819.666;3900.92;
2123;5768;847.113;3817.2;
2124;5739;755.398;3649.59;
2125;5770;915.396;3809.21;
2126;5739;721.861;3641.28;
2127;5757;699.274;3714.38;
2128;5759;707.078;3827.14;
2129;5759;706.925;3860.27;
2130;5759;670.613;3824.69;
2131;5768;852.809;3856.07;
2132;5767;890.26;3922.37;
2133;5772;878.358;3706.75;
2134;5711;858.495;3096.25;
2135;5694;843.957;3063.38;
2136;5697;888.912;3070.33;
2137;5694;847.172;3049.51;
2138;5697;913.877;3062.99;
2140;5693;845.945;3019.55;
2141;5693;808.652;3009.49;
2145;5693;839.559;3006.63;
2148;5672;758.176;2913.39;
2151;5686;656.348;3004.31;
2152;5686;678.602;2985.37;
2153;5672;780.565;2891.49;
2154;5672;731.203;2934.5;
2155;5673;687.193;2956.53;
2157;5693;781.193;3006.93;
2158;5693;747.071;3039.27;
2160;5686;708.453;3031.76;
2161;5725;419.608;3347.77;
2162;5723;516.102;3342.25;
2165;5729;648.644;3411.33;
2166;5726;496.531;3474.67;
2169;5726;488.123;3480.33;
2171;5742;548.635;3577.95;
2173;5739;698.348;3575.74;
2174;5744;647.578;3626.27;
2175;5742;563.131;3590.38;
2176;5725;413.694;3362.3;
2177;5723;467.967;3331.6;
2178;5720;558.492;3360.98;
2179;5727;432.963;3404.33;
2180;5727;449.129;3423.31;
2183;5726;467.792;3449.45;
2184;5726;502;3479.4;
2186;5720;585.46;3360.38;
2188;5721;624.997;3368.58;
2189;5721;640.412;3398.01;
2190;5734;657.861;3482.1;
2193;5734;655.42;3513.08;
2195;5734;676.846;3519.92;
2197;5728;468.484;3559.72;
2199;5742;514.737;3567.28;
2200;5728;461.362;3523.44;
2203;5744;606.553;3642.33;
2204;5743;567.67;3631.26;
2207;5739;689.968;3617.18;
2208;5738;706.187;3541.47;
2210;5672;798.141;2865.12;
2212;7864;819.694;2886.03;
2218;5697;928.913;3057.09;
2223;5697;946.64;3060.4;
2224;5671;802.913;2831.78;
2225;5671;824.146;2806.74;
2226;5671;843.906;2779.24;
2229;5670;834.347;2749.04;
2233;5670;834.458;2714.1;
2235;5670;824.292;2664.59;
2236;7766;864.473;2650.94;
2237;4743;815.872;2615.87;
2238;4743;805.531;2586.31;
2239;4743;798.18;2564.12;
2240;4743;789.639;2550.02;
2256;2551;1089.23;2482.94;
2257;2552;1083.91;2452.7;
2259;2551;1105.89;2500.37;
2260;2551;1126.27;2509.18;
2313;2551;1150.54;2522.3;
2318;2551;1179.27;2512.65;
2319;7846;1198.05;2545.35;
2323;2551;1209.31;2507.44;
2325;2550;1246.32;2485.81;
2336;2535;2177.84;2385.33;
2468;5697;950.118;3073.52;
2470;5698;989.184;3101.07;
2471;5698;1011.19;3105.39;
3026;5698;1045.1;3161.66;
3028;5779;1103.07;3201.6;
3029;5710;1070.91;3195.62;
3033;5698;1026.39;3112.37;
3036;5698;1042.01;3146.65;
3057;5775;985.612;3429.7;
3061;2730;425.055;1917.79;
3062;4589;377.848;1876.22;
3063;4589;341.396;1815.05;
3064;2730;388.554;1895;
3065;4589;366.293;1855.19;
3066;4589;354.035;1834.28;
3068;4590;313.388;1778.68;
3080;2558;615.199;1828.6;
3083;2558;662.665;1815.59;
3085;2730;443.471;1902.1;
3086;2558;697.285;1818.86;
3090;2558;725.01;1831.3;
3091;2558;730.621;1843.33;
3092;2559;776.333;1857.66;
3095;2559;812.194;1860.83;
3101;2559;833.139;1879.52;
3106;2560;889.613;1905.23;
3108;2560;920.577;1914.41;
3109;2559;860.881;1894.46;
3111;2560;964.75;1916.09;
3113;2560;984.69;1917.65;
3116;2560;1007.9;1913.88;
3118;2561;1050.97;1925.45;
3120;2561;1081.11;1926.26;
3121;2561;1101.44;1934.51;
3122;2561;1123.95;1933.16;
3123;2561;1156.72;1930.45;
3126;2562;1188.73;1920.4;
3144;2562;1211.48;1906.27;
3145;2562;1231.3;1917.07;
3150;2562;1253.49;1920.29;
3160;2562;1270.21;1926.72;
3161;2562;1302.97;1931.35;
3225;2563;1385.37;1922.55;
3226;2562;1342.94;1928.1;
3227;2562;1325.47;1921.99;
3229;2563;1434.75;1922.22;
3230;2563;1458.61;1927.87;
3243;2566;1579.91;1853.11;
3244;2566;1586.56;1872;
3245;2565;1606;1887;
3252;2564;1579.58;1907.47;
3253;2564;1571.42;1904.86;
3254;2565;1619.7;1909.01;
3255;2564;1602.31;1926.12;
3256;2564;1569.21;1916.1;
3257;2564;1559.87;1937.33;
3258;2564;1537.57;1953.05;
3262;2563;1490.83;1950.34;
3275;2566;1585.85;1837.34;
3276;2566;1597.81;1820.09;
3277;2566;1612.52;1812.39;
3278;2566;1622;1788;
3280;2567;1623.02;1760.54;
3283;2567;1612.09;1734.84;
3284;2567;1642.52;1730.92;
3285;2568;1583.33;1705.18;
3287;2567;1599.89;1718.68;
3288;2568;1564.88;1690.84;
3289;2568;1550.81;1676.04;
3291;2568;1561.24;1646.96;
3293;2568;1589.77;1632.85;
3294;2568;1600.42;1645.21;
3295;2568;1627.2;1627.42;
3296;2569;1635.13;1605.51;
3297;2569;1643.16;1592.93;
3298;2569;1672.11;1583.2;
3299;2569;1687.22;1580.5;
3300;2569;1722.81;1560.41;
3301;2569;1740.29;1558.1;
3302;2569;1765.96;1560.78;
3303;2570;1800.89;1568.89;
3304;2570;1820.59;1560.28;
3305;2570;1858.31;1555.49;
3306;2570;1879.98;1543.07;
3324;2570;1906.02;1532.88;
3325;2570;1944.52;1526.01;
3326;2571;1959.67;1484.42;
3327;2571;1972.64;1459.17;
3329;2571;1990.97;1442.17;
3330;2571;2010.29;1434.57;
3332;2571;2031.11;1431.2;
3333;2571;2060;1432.5;
3334;2572;2102.63;1426.12;
3335;2572;2135.16;1416.29;
3336;2572;2158.79;1407.18;
3337;2572;2209.9;1382.12;
3338;2572;2235;1367;
3339;2572;2266.63;1364.61;
3340;2572;2291.17;1378.38;
3341;2573;2313.52;1404.29;
3342;2573;2323.83;1425.68;
3344;2573;2326.43;1449.33;
3346;2573;2309.45;1479.69;
3348;2573;2302.85;1510.19;
3350;2573;2314.15;1540.93;
3352;2574;2335.41;1565.96;
3353;2574;2363.53;1587.42;
3354;2574;2386.25;1600.11;
3358;2574;2411.24;1609.45;
3360;2575;2436.58;1617.74;
3361;2575;2466.87;1618.12;
3363;2575;2494.86;1613.73;
3365;2575;2521.17;1607.54;
3366;2575;2541.38;1585.23;
3367;2575;2547.98;1574.06;
3368;2575;2562.71;1568.7;
3369;2575;2593.3;1570.29;
3370;2576;2620.29;1561.4;
3371;2576;2639.47;1563.35;
3372;2576;2693;1553;
3373;2576;2707.34;1532.1;
3374;2576;2729.69;1537.32;
3375;2576;2758.65;1548.53;
3376;2576;2795.91;1544.22;
3377;2577;2845.63;1544.25;
3378;2577;2873.27;1541.82;
3379;2577;2897.57;1531.66;
3380;2577;2919.89;1528.8;
3476;2577;2943.03;1531.27;
3477;2577;2971.55;1532.12;
3478;2577;2985.63;1529.85;
3481;2688;1439;2111;
3483;2688;1453.19;2097.93;
3484;2689;1479.76;2123.08;
3485;2690;1430.72;2152.79;
3486;2689;1513.41;2124.46;
3487;2689;1518.31;2157.54;
3488;2689;1521.52;2186.47;
3489;2689;1521.27;2225.29;
3492;2690;1439.25;2177.13;
3493;2690;1438.51;2185.5;
3494;2690;1435;2217;
3497;2690;1426.36;2242.53;
3499;2690;1415.73;2256.19;
3500;2692;1433.72;2272.5;
3503;2691;1524.74;2254.12;
3504;2691;1513.5;2280;
3505;2692;1459.64;2282.22;
3506;2691;1491.59;2307.67;
3507;2691;1497.4;2334.32;
3508;2692;1471;2327;
3509;2692;1455.46;2361.02;
3510;2692;1452.2;2379.97;
3511;2694;1447.4;2412.49;
3512;2694;1471.54;2432.6;
3513;2694;1493.07;2455.42;
3514;2693;1509.84;2407.86;
3515;2691;1504;2374;
3517;2550;1276.31;2474.37;
3540;2550;1315.45;2481.06;
3541;2549;1328.76;2500.55;
3543;2549;1353.36;2520.51;
3544;2549;1374.36;2530.52;
3545;2549;1395.35;2535.87;
3546;2548;1421;2553;
3547;2548;1438.61;2574.26;
3549;2548;1458;2588.5;
3552;2548;1495.48;2576.74;
3582;8034;1539.73;2652.24;
3593;8030;1667.6;2649.47;
3594;2507;1678.94;2676.7;
3598;2507;1690.47;2681.53;
3601;2507;1711.69;2692.53;
3602;2507;1735.53;2711.37;
3606;2507;1752.1;2706.35;
3607;2507;1765.93;2709.08;
3675;5779;1131.2;3214.3;
3701;7731;1426.97;3084.12;
3714;7726;1320.48;3241.54;
3832;5784;1317.51;3402.42;
3833;5784;1354.64;3395.29;
3836;5785;1400.45;3424.08;
3837;5785;1433.32;3438.95;
3839;5785;1424.49;3417.65;
3843;5779;1156.6;3236.48;
3844;5780;1178.41;3256.6;
3845;5780;1190.58;3270.02;
3846;5780;1216.34;3300.01;
3847;5781;1229.9;3358.43;
3848;5782;1269.82;3298.45;
3850;5782;1275;3300.26;
3851;5782;1289.07;3315.04;
3852;5784;1290.26;3400.67;
3854;5782;1298.99;3329.44;
3855;5785;1450.8;3445.05;
3856;5785;1445.08;3471.02;
3858;5843;1572.82;3443.28;
3859;5843;1583.85;3470.73;
3860;5842;1546.76;3480.84;
3861;5840;1528.78;3487.18;
3862;5840;1525.11;3508.66;
3863;5786;1436.61;3509.39;
3864;5786;1432.46;3523.1;
3865;5840;1517.51;3536.21;
3866;5787;1425.07;3604.77;
3867;5787;1422.01;3632.15;
3868;5840;1507.95;3548.49;
3869;5839;1511.32;3588.8;
3870;5839;1527.75;3603.36;
3871;5837;1543.74;3635.09;
3873;5837;1536.48;3636.45;
3874;5787;1422.28;3668.41;
3875;5788;1437.15;3708.76;
3877;5834;1540.15;3683.93;
3879;5833;1550.26;3750.72;
3880;5827;1502.84;3740.82;
3881;5839;1566.78;3548.3;
3882;5839;1532.54;3586.89;
3883;5839;1564.52;3567.12;
3884;5843;1611.62;3502.04;
3885;5841;1604.4;3548.87;
3886;5837;1588.23;3599.31;
3887;5838;1643.23;3581.73;
3891;5843;1585.5;3445.89;
3896;5843;1621.16;3458.8;
3897;5843;1641.63;3465.59;
3898;5844;1711.06;3460.98;
3899;5844;1708.54;3500.28;
3903;5846;1745.94;3451.47;
3904;5846;1756.85;3444.37;
4018;2507;1767.21;2696.43;
4019;2515;1761.39;2664.51;
4020;2515;1776;2635;
4021;2512;1801.92;2654.58;
4023;2512;1810.11;2676.71;
4032;2512;1826.64;2648.63;
4033;2512;1847.25;2645.86;
4034;2512;1812.94;2645.34;
4035;2512;1848.28;2619.73;
4049;2512;1875;2604;
4052;2526;1852.19;2599.87;
4053;2526;1865.71;2579.55;
4054;2526;1870.67;2572.56;
4055;2512;1904;2580;
4056;2538;1895.08;2546.71;
4058;2538;1918.86;2530.1;
4060;2537;1938.92;2517.9;
4062;2537;1958.77;2520.44;
4081;2537;1995.26;2502.82;
4082;2537;2019;2486.15;
4084;2537;1962.04;2496.48;
4085;2536;2067;2454;
4088;2536;2087.03;2441.04;
4090;2535;2134;2414;
4091;2535;2119.59;2422.56;
4247;2737;2707.19;2571.32;
4248;2737;2706.72;2587.23;
4249;2737;2717.42;2607.36;
4250;2737;2732.28;2608.89;
4254;2737;2736.45;2655.89;
4255;2738;2732.45;2686.34;
4352;7699;5967.18;2476.96;
4371;7692;6015.2;2645.11;
4440;7708;7112.12;3113.71;
4447;7705;7304.94;3205.25;
4513;2738;2735.33;2716.17;
4516;2738;2735.51;2732.9;
4519;2738;2733.1;2753.02;
4520;2738;2708.55;2771.88;
4521;2738;2726.7;2781.95;
4522;2739;2753.44;2806.95;
4523;2739;2782.48;2834.19;
4524;2739;2791.34;2845.47;
4525;2739;2805.49;2865.81;
4526;2739;2813.4;2882.3;
4527;2740;2829.28;2920.38;
4528;2740;2844.73;2926.33;
4529;2740;2882.53;2937.64;
4530;2740;2914.05;2932.16;
4531;2740;2893.78;2919.42;
4532;2741;2950.45;2904.37;
4533;2741;2998.58;2912.58;
4534;2741;2968.36;2867.92;
4535;2741;3005.7;2898.01;
4536;2742;3008.35;2834.37;
4537;2742;3025.03;2817.6;
4538;2742;3028.88;2791.97;
4539;2743;3069.92;2778.31;
4540;2743;3080.19;2791.55;
4541;2743;3096.06;2818.07;
4543;2743;3114.92;2827.23;
4544;2747;3136.39;2856.2;
4545;2752;3068.31;2918.13;
4546;2752;3090.95;2899.36;
4549;2748;3198.51;2897.67;
4550;2748;3197.26;2871.38;
4552;2752;3076.2;2944.35;
4553;2751;3105.7;2972.62;
4554;2751;3170.98;3022.87;
4555;2750;3245.77;3072.91;
4556;2750;3294.47;3103.73;
4557;8042;3320.89;3109.68;
4558;2750;3292.67;3072.79;
4559;2750;3274.25;3043.84;
4560;2749;3276.84;2996.33;
4561;2749;3259.3;2949.39;
4562;2748;3220.97;2881.92;
4563;2748;3225.49;2901.07;
4565;2746;3263.68;2861.37;
4566;2746;3298.64;2862.63;
4567;2745;3344.86;2846.64;
4568;2745;3397.43;2829.05;
4602;653;3538.72;1384.18;
4603;1474;3597.33;1333.04;
4606;1474;3646.23;1289.36;
4608;1477;3697.72;1243.42;
4610;1477;3719.92;1220.04;
4620;1477;3778.62;1169.38;
4621;1477;3761.45;1190.26;
4625;1479;3831.6;1118;
4626;1479;3871.99;1106.87;
4627;1479;3927.16;1074.96;
4628;1479;3953.4;1042.31;
4629;1479;3991.14;1002.27;
4630;1481;4058.34;874.474;
4631;1481;4012.2;937.878;
4632;1481;4117.02;837.761;
4633;1483;4179.16;827.602;
4634;1483;4246.49;779.846;
4635;1483;4288.76;733.071;
4636;1484;4349.84;687.872;
4637;1498;4400;602;
4638;1484;4410.69;665.733;
4639;1484;4461.52;621.863;
4640;1486;4488.02;585.329;
4641;1486;4510.68;518.957;
4642;1488;4562.25;445.132;
4643;1488;4578.39;422.542;
4644;1488;4610.16;391.153;
4645;1489;4635.41;341.795;
4646;1489;4684.42;319.312;
4650;2784;4794.85;365.942;
4651;2784;4734.33;330.128;
4654;2784;4825.81;424.079;
4655;2786;4901.79;471.454;
4657;2786;4963.11;516.578;
4658;2786;4992.8;558.64;
4675;2788;5078.98;650.352;
4685;2786;5053.09;592.905;
4703;2788;5172.66;738.833;
4704;2795;5262.19;821.134;
4705;2795;5275.06;881.236;
4706;2795;5285.23;931.108;
4707;2798;5403.51;1046.24;
4708;2798;5371.54;1015.63;
4709;2799;5459.45;1120.68;
4750;5851;1982.12;3520.24;
4751;5846;1819.56;3467.08;
4752;5846;1766.66;3443.09;
4755;5851;1994.76;3501.09;
4756;5846;1859.48;3482.76;
4779;2816;4538.17;1929.06;
4780;2816;4576.02;1952.42;
4784;2816;4627.87;1917.65;
4787;2818;4663;1883.96;
4788;2818;4737.06;1832.84;
4789;2818;4775.79;1813.03;
4790;2819;4837.38;1822.69;
4791;2808;5161.12;1931.97;
4862;5851;2015.23;3498.13;
4864;5851;2042.75;3508.07;
4865;5852;2079.89;3557.76;
4955;2809;5116.55;1861.64;
4956;2819;4958.14;1795.45;
4957;2809;5071.69;1835.16;
4962;2819;4907.27;1802.64;
5431;5694;826.942;3059.65;
6000;5838;1682.05;3568.16;
6001;5845;1731.15;3572.52;
6002;5847;1749.3;3615.83;
6003;5835;1672.2;3665.73;
6004;5845;1772.61;3549.64;
6005;5847;1778.26;3640.21;
6006;5848;1840.64;3661.68;
6007;5848;1859.25;3721.72;
6008;5856;1864.48;3781.84;
6009;5848;1868.71;3681.43;
6010;5857;1959.07;3742.76;
6011;5835;1651.2;3697.97;
6012;5833;1602.38;3782.19;
6019;5858;1869.91;3843.05;
6025;5833;1586.26;3827.53;
6026;5858;1877.07;3868.77;
6029;5858;1897.62;3886;
6030;5858;1929.89;3896.36;
6032;5859;1965.14;3970.8;
6034;5831;1566.88;3889.48;
6035;5831;1558.32;3902.71;
6037;5831;1545.87;3933.42;
6038;5831;1529.27;3888.85;
6039;5831;1497.31;3872.73;
6040;5829;1443.84;3819.11;
6041;5823;1380.12;3801.44;
6042;5820;1298.88;3862.35;
6043;5820;1305.6;3916.24;
6301;4614;177.336;1729.08;
6311;5757;725.441;3711.08;
6399;6418;2399.49;2284.47;
6431;2678;3172.09;1940.68;
6475;4590;267.088;1754.57;
6478;6506;139.528;1700.01;
6490;6506;113.156;1682.22;
6491;4614;199.263;1737.16;
6512;2808;5221.11;1901.85;
6514;2804;5293;1860.37;
6515;2805;5359.79;1879.78;
6516;2805;5436.3;1907.54;
6517;2805;5509.97;1946.52;
6520;2807;5597.67;1970.42;
6521;2807;5643.29;1998.9;
6522;2849;5726.05;2063.86;
6523;2849;5769.98;2087.09;
6524;2849;5809.4;2110.93;
6525;2851;5879.25;2163.86;
6526;2851;5924.9;2191.33;
6527;2851;5950.2;2184.78;
6813;2857;6259.04;2083.07;
6815;7695;6043.13;2278.1;
6816;2861;6432.39;2036.64;
6817;2861;6481.45;2073.79;
6821;2851;6075.5;2203.36;
6823;2859;6355.8;2043.99;
6824;2860;6506.14;2119.51;
6825;2855;6280.81;2259.97;
6828;2856;6288.3;2123.43;
6829;2856;6311.87;2164.49;
6830;2860;6483.23;2234.65;
6831;2860;6496.3;2187.96;
6833;2857;6216.73;2121.54;
6835;2856;6373.19;2270.28;
6836;2860;6481.81;2216.31;
6840;2857;6177.73;2122.72;
6841;2856;6288.81;2189.02;
6842;2856;6278.75;2155.54;
6844;2854;6182.12;2184.46;
6845;2855;6238.74;2215.49;
6847;2856;6346.98;2237.48;
6848;2854;6095.32;2208.66;
6849;2851;6033.9;2189.41;
6850;2854;6159.55;2247.82;
6851;2855;6239.4;2289.26;
6852;2854;6152.01;2257.46;
6853;2855;6276.77;2312.79;
6856;2856;6326.77;2283.42;
6857;2855;6292.46;2339.51;
6858;2860;6510.41;2214.72;
6859;2860;6538.79;2178.55;
6861;2860;6574.96;2151.76;
6862;2860;6588.8;2142.53;
6864;2860;6602.95;2117.22;
6866;2862;6618.95;2072.58;
6868;2862;6641.09;2052.46;
6871;2862;6671.01;2023.6;
6873;2862;6716.23;1975.92;
6874;2862;6735.51;1957.85;
6876;2863;6773.79;1928.75;
6877;2863;6815.05;1891.59;
6879;2863;6837.07;1864.38;
6881;2864;6898.29;1825.24;
6882;2864;6920.42;1812.46;
6883;2864;6950.4;1798.88;
6884;2864;7003.81;1776.15;
6885;2865;7088.05;1720.92;
6886;2865;7146.89;1669.35;
6887;2865;7044.04;1750.26;
6888;2865;7176.07;1652.66;
6889;2866;7202.99;1639.58;
6890;2866;7274.06;1618.73;
6892;2866;7303.96;1602.01;
6893;2867;7336.8;1578.27;
6894;2867;7356.84;1567.29;
6895;2867;7400.59;1537.85;
6896;2867;7435.18;1507.98;
6898;2868;7484.97;1485.48;
6899;2868;7511.35;1479.11;
6900;2868;7525.53;1476.15;
6901;2868;7556.45;1474.43;
6902;2868;7584.92;1483.17;
6903;2938;7607.94;1541.46;
6912;2941;7597;1565.19;
6915;2940;7631.36;1653.52;
6922;2941;7588.57;1584.17;
6923;2941;7592.45;1596.83;
6924;2948;7594.04;1730.59;
6925;2940;7602.66;1678.41;
6931;2948;7628.2;1774.17;
6932;2955;7598.28;1810.91;
6935;2955;7579.74;1833.34;
6936;2955;7562.11;1848.51;
6951;2944;7915.49;1500.76;
6952;2944;7933.57;1527.68;
6953;2944;7962.57;1581.44;
6967;2946;7849.79;1715.97;
6968;2947;7750.05;1754.26;
6969;2940;7693.53;1728.67;
6971;2936;7802.87;1545.9;
6972;2940;7709.74;1695.21;
6973;2942;7729.05;1641.93;
6976;2946;7819.14;1729.81;
6977;2945;7964.07;1629.68;
6979;2942;7764.87;1585.97;
6981;2946;7884.47;1698.61;
6982;2936;7845.95;1510.68;
6985;2956;7528.63;1942.74;
6986;2956;7534.3;1907.2;
6987;2955;7544.88;1870.47;
6999;2956;7488.71;2014.78;
7001;2957;7467.24;2031.43;
7002;2957;7431.1;2063.57;
7003;2957;7397.33;2099.74;
7019;2958;7383.27;2205.97;
7039;2958;7362.57;2170.59;
7040;2963;7412.49;2284.67;
7046;2963;7439.93;2324.24;
7080;2964;7451.76;2523.12;
7081;2965;7464.46;2580.11;
7082;2965;7466.55;2697.82;
7083;2964;7447.25;2491.8;
7084;2963;7423.11;2394.27;
7085;2966;7490.02;2755.7;
7086;2966;7510.08;2802.94;
7172;2965;7460.66;2657.73;
7173;2966;7503.5;2861.54;
7174;2973;7477.08;2894.89;
7177;2973;7488.78;2978.64;
7179;2973;7462.68;2921.04;
7196;2815;4503.58;1784.34;
7197;2815;4567.35;1729.87;
7198;2814;4631.06;1694.44;
7199;2813;4737.18;1622.77;
7200;2813;4747.72;1602.03;
7201;2813;4806.96;1555.58;
7202;2813;4772.45;1636.06;
7203;2813;4803.87;1603.63;
7204;2811;4886.66;1527.4;
7205;2811;4971.64;1526.22;
7206;2811;5025.21;1566.24;
7207;2810;5108.97;1648.98;
7208;2803;5242.57;1746.69;
7209;2803;5295.39;1716.61;
7210;2808;5185.8;1858.56;
7211;2810;5134.57;1702.73;
7212;2802;5494.39;1718.2;
7213;2802;5394.8;1712.96;
7214;2801;5601.68;1656.05;
7215;2801;5562.44;1690.04;
7216;2800;5574.54;1468.73;
7217;2800;5598.26;1581.78;
7220;2854;6159.86;2267.72;
7330;2975;7647.82;3151.13;
7331;2976;7686.27;3253.72;
7356;2976;7602.41;3225.65;
7393;2973;7494.94;3036.91;
7395;2976;7617.61;3212.84;
7401;2976;7639.7;3248.03;
7493;7703;7448.94;3223.84;
7500;1482;4023.93;635.152;
7501;1482;3970.69;647.278;
7502;1485;4275.05;470.662;
7503;1485;4242.4;427.729;
7507;1485;4288.28;424.565;
7516;1489;4615.37;306.301;
7517;1489;4662.61;286.958;
7518;1489;4678.8;268.09;
7519;2781;4638.02;208.111;
7520;2781;4662.25;209.522;
7521;2781;4713.81;199.694;
7522;2782;4866.52;172.797;
7523;2782;5008.81;263.322;
7524;2783;5152.38;374.987;
7525;2787;5297.27;486.474;
7526;2790;5364.89;513.198;
7527;2782;4960.06;243.572;
7528;2791;5416.99;399.294;
7530;2797;5543.18;680.391;
7531;2791;5397.02;363.991;
7532;2783;5220.45;407.696;
7533;2783;5071.39;327.848;
7534;2782;4911.23;218.739;
7535;2781;4792.78;159.177;
7546;1488;4549.5;329.669;
7547;1487;4472.42;360.428;
7548;1487;4408.67;398.992;
7549;1487;4351.99;411.554;
7550;1485;4208.05;452.752;
7551;1485;4169.27;508.528;
7552;1482;4139.13;553.687;
7553;1482;4094.01;598.92;
7568;2799;5481.35;1171.74;
7569;2799;5523.75;1261.77;
7570;2799;5543.23;1298.8;
7571;2800;5577.49;1362.37;
7572;2800;5552.75;1416.34;
7573;2800;5551.7;1475.57;
7594;1480;3828.53;905.826;
7595;1480;3870.44;843.718;
7596;1480;3896.56;782.596;
7597;1478;3706.4;960.547;
7598;1478;3756.7;947.141;
7599;1480;3923.95;709.703;
7688;2579;3232.43;1617.54;
7690;2579;3206.22;1604.75;
7691;2578;3114.64;1603.69;
7739;5768;832.333;3840.8;
7740;5771;893.879;3727.63;
7799;2604;2519.06;2065.99;
7803;7747;2337.11;2092.28;
7809;5852;2121.34;3604.67;
7813;5852;2105.48;3640.36;
7814;5855;2094.34;3691.07;
7815;5860;2106.92;3743.15;
7816;6469;2144.33;3808.13;
7817;7645;2240.64;3761.23;
7830;5852;2122.95;3559.8;
7837;2518;1914.87;1954.84;
7842;2506;1783.92;2031.76;
7889;4724;2440.81;1939.74;
7890;7747;2351.39;2080.22;
7892;2603;2451.55;2018.55;
7893;7748;2417.18;2085.09;
7896;7907;2429.15;2146.11;
7897;2604;2493.3;2084.67;
7898;2605;2527.62;2098.41;
7899;2614;2478.55;2156.8;
7901;2605;2513.08;2119.36;
7902;2604;2491.12;2070.64;
7903;7750;2481.68;2020.09;
7904;6437;2542.93;2109.06;
7905;2607;2584.83;2003.45;
7908;2618;2744.18;2352.53;
7934;2590;2817.97;2044.94;
7935;2594;2783.2;2052.66;
7936;2590;2766.5;1999.46;
7937;2590;2784.36;1991.45;
7942;2589;2881.86;2024.65;
7990;2677;3212.79;1911.23;
8003;7748;2441.63;2074.83;
8015;2590;2826.21;1986.32;
8016;2601;2583;1840;
8018;2597;2663.44;1833.59;
8026;2537;1942.71;2482.97;
8027;2537;1997.02;2478.09;
8258;8279;41;1486;
8259;8279;35;1467;
8261;8279;25;1455;
8267;8278;49;1589;
8268;8278;90;1630;
8277;8279;41;1549;
8281;2891;7054;1405;
8282;2897;7204;1410;
8283;2899;7250;1252;
8338;8337;7411;1180;
8342;8340;7497;1112;
8343;8344;7692;917;
8346;2557;458;1868;
8347;2557;497;1841;
8348;2557;538;1842;
8349;2557;562;1838;
8387;8340;7607;1006;
#nile
543;8751;3204;1412;
552;8755;3226;1246;
569;8759;3397;1129;
591;8762;3454;1002;
545;8753;3182;1351;
556;8756;3271;1219;
563;8758;3393;1160;
593;8762;3473;925;
600;8764;3373;812;
7580;8766;3353;732;
613;8770;3365;504;
614;8772;3403;451;
626;8774;3494;526;
634;8779;3692;460;
641;8780;3687;394;
643;8781;3644;362;
3314;8784;3620;238;
#ibreia
1381;8793;578;2091;
1355;7772;442;2066;
1400;8798;429;2197;
1434;8802;452;2268;
2265;8813;989;2557;
1011;8039;840;2354;
1332;7863;305;2108;
1429;8796;354;2183;
1460;8800;515;2210;
1311;7770;386;2273;
1013;8809;792;2400;
1016;8810;758;2439;
1162;9230;424;2389;
#gaul
2308;8845;1205;2637;
2302;8848;1203;2734;
2282;8816;949;2657;
2408;8819;1037;2910;
2369;8824;1166;2782;
2394;7867;946;2876;
2367;8822;1122;2827;
2270;8812;951;2594;
2447;8839;1108;3042;
2353;8833;1139;2921;
3043;8841;1162;3085;
2475;8825;1059;3012;
2234;7742;869;2683;
2281;8811;915;2606;
2211;7865;854;2884;
2442;8825;1035;3018;
3707;9205;1208;3196;
3046;9208;1157;3130;
#Rhine
3688;8867;1312;3045;
3681;8872;1277;3156;
3023;8861;1416;2989;
3050;8875;1243;3045;
3699;7731;1419;3095;
3720;7728;1352;3160;
3018;8863;1381;2899;
#italy
3584;6373;1583;2686;
3551;8928;1391;2653;
1;8918;1704;2358;
3554;8926;1467;2643;
#britan
2027;8852;935;3260;
2061;8855;864;3313;
2062;9232;923;3383;
#germany
3982;7887;1642;3342;
3782;8902;1388;3293;
3955;8883;1626;3190;
3981;8880;1746;3176;
4001;8887;1791;3276;
4012;8892;1983;3155;
3895;7885;1554;3392;
3909;8877;1632;3271;
3991;8879;1713;3220;
4753;8884;1777;3387;
4762;8887;1810;3282;
4004;8889;1890;3233;
3828;9237;1478;3314;
#baltic
7823;8917;2281;3462;
6292;8911;2300;3287;
6274;8899;2120;3327;
4764;8896;1980;3403;
4904;8898;2042;3343;
6265;8903;2201;3227;
4893;8907;2074;3112;
6024;6351;1703;3868;
6027;6351;1716;3896;
6023;6351;1661;3841;
6033;6351;1657;3896;
#danube
4925;9000;2649;2896;
4811;7776;2657;2672;
4241;7778;2576;2628;
4208;8935;2303;2648;
4195;8937;2212;2651;
4157;8944;2078;2900;
4148;6356;2013;2835;
3653;8948;1914;2940;
4136;8965;1908;2793;
4840;8969;2171;2803;
4077;8980;2043;2669;
4801;8995;2631;2799;
4806;7774;2664;2754;
4246;7777;2619;2652;
4816;8991;2544;2668;
4273;8990;2440;2711;
4267;7780;2440;2596;
4215;7782;2352;2618;
4210;8935;2321;2669;
4260;8936;2265;2670;
4193;8977;2162;2653;
4191;8940;2105;2692;
4074;8982;1988;2668;
4176;8984;1922;2724;
4854;8970;2154;2871;
4851;8974;2242;2856;
4184;8962;2030;2727;
4132;6356;1975;2815;
4161;8943;2079;2841;
4150;8946;2000;2900;
3648;8951;1813;2932;
3763;8952;1768;2942;
3760;8953;1709;2973;
3750;8957;1552;2950;
3765;8955;1631;2980;
#black sea trib
4936;9004;2626;3026;
6140;7875;3045;3132;
6115;7877;2922;3174;
6092;7879;2785;3206;
6190;8043;3396;3155;
6193;8045;3472;3186;
7194;7883;2687;2994;
7191;7872;2970;2978;
6148;7874;3059;3065;
5884;8042;3353;3115;
7600;9213;3314;2920;
7635;9215;3416;2966;
5933;9216;3491;2956;
7619;9217;3551;2917;
7186;9246;2837;3001;
6087;9248;2720;3065;
6175;9012;3305;3232;
5896;9010;3613;3094;
#caspian sea trib
6219;9019;3701;3311;
6218;9018;3728;3253;
7628;9221;3717;2899;
1638;9025;4079;2650;
1651;9022;4091;2705;
1635;9023;4019;2731;
1652;9021;4138;2704;
#Caspian SeaZone
8050;4578;3865;3163;
5866;4578;3883;3016;
7604;2994;4037;2859;
1644;2992;4172;2726;
4985;2988;4249;2524;
4997;2990;4523;2571;
5425;2991;4398;2836;
5462;2997;4281;2991;
5457;4582;4106;3219;
5879;4580;4017;3359;
5451;4588;4471;2961;
4986;2989;4328;2526;
6725;2990;4541;2679;
5878;4579;3956;3287;
5877;4579;3901;3226;
5876;4578;3853;3131;
5874;4578;3849;3080;
5868;4578;3850;3024;
7633;2995;3922;2993;
7632;2995;3926;2963;
7621;2994;3959;2917;
7603;2993;4113;2812;
1642;2993;4159;2785;
1633;2992;4201;2780;
1647;2988;4185;2674;
1648;2988;4169;2649;
1630;2988;4173;2622;
7639;2989;4372;2513;
7638;2989;4429;2518;
4996;2989;4480;2536;
3434;2990;4550;2593;
3435;2990;4583;2614;
3436;2990;4574;2637;
5390;2991;4507;2769;
6811;2991;4459;2816;
5424;2991;4427;2851;
5426;4588;4403;2906;
5428;4588;4465;2934;
5458;4588;4460;2977;
5459;4588;4416;2985;
5460;4588;4377;3024;
5461;4588;4344;3023;
5463;2997;4283;3018;
5466;2997;4280;3044;
5465;2997;4236;3043;
5464;4575;4160;3066;
5467;4584;4101;3114;
5468;4583;4119;3148;
5471;4581;4180;3248;
5493;4581;4217;3263;
5496;4581;4185;3283;
5498;4581;4176;3333;
5499;4581;4158;3364;
5881;4581;4118;3395;
5880;4581;4089;3381;
#aral sea
5485;6444;4552;3313;
6708;9065;4997;3130;
6686;9070;5392;3100;
5484;6444;4605;3317;
5482;6444;4565;3289;
5488;9057;4523;3337;
6805;9062;4660;3237;
6801;9063;4895;3194;
7241;9066;5139;3086;
6654;9069;5335;3072;
7227;9068;5264;3076;
7273;9226;5208;3519;
6704;9227;5358;3408;
#Mesopotamia
939;6440;4289;1916;
933;7713;4209;2034;
889;6434;4085;2141;
883;9031;3919;2210;
862;9032;3894;2263;
953;6430;3889;2071;
810;9051;3505;2206;
821;9054;3669;2232;
937;7718;4229;1909;
923;6439;4152;1919;
911;9027;4074;2039;
814;9049;3569;2116;
809;9050;3547;2173;
893;9029;4013;2103;
#western india
4330;9075;5892;2892;
4328;9076;5867;2965;
4381;9078;6093;2788;
4390;9082;6216;3004;
4380;9085;6005;2878;
4476;9095;6671;2361;
7422;9097;6785;2490;
4355;7696;5967;2317;
4353;7697;5946;2361;
4350;9073;5959;2743;
4348;9084;6000;2797;
4340;9088;6054;3045;
7485;9080;6155;2935;
6854;9202;6509;2296;
4478;9204;6514;2385;
7420;9093;6599;2267;
7315;9094;6655;2332;
7458;9099;6859;2598;
7114;9198;6651;2269;
7316;9200;6780;2362;
#southern india
6927;9192;7503;1719;
7057;9184;7222;2203;
7120;9173;7178;2067;
7158;9162;7046;2291;
7074;9165;6851;2179;
7169;9155;7205;2742;
6938;9193;7461;1706;
6990;9194;7413;1747;
7028;9189;7441;1928;
7047;9186;7279;1997;
7005;9188;7207;1932;
7055;9170;7269;2213;
7015;9183;7070;1845;
7108;9176;6926;1941;
7110;9175;7014;1972;
7159;9165;6822;2184;
7062;9165;6799;2168;
7165;9163;6983;2255;
7067;9168;7010;2540;
#eastern india
4429;9102;6986;2968;
4428;9104;6909;2922;
4425;9107;6651;2943;
4404;9110;6482;2975;
4420;9117;6509;2871;
4411;9120;6383;2987;
7307;9123;6598;2783;
4435;9127;6724;2793;
4456;9134;6712;2982;
4437;9138;6817;3020;
7324;9141;7370;3350;
7349;9144;7504;3604;
7166;9155;7280;2728;
7345;7788;7456;3114;
7327;7786;7372;3177;
7480;9150;7171;3193;
4462;7707;7181;3163;
4449;9149;6978;3137;
4424;9108;6606;2950;
7407;9134;6662;3021;
4405;9118;6445;2915;
7440;9124;6559;2688;
7462;9129;6703;2696;
4430;9112;6863;2894;
7375;9113;6783;2878;
7325;7784;7427;3288;
#SeaAuto
1717;2735;3607;2725;
7254;9058;4628;3533;
7255;9058;4684;3498;
7256;9059;4711;3482;
7257;9059;4692;3445;
7258;9059;4695;3385;
7259;9059;4678;3340;
7260;6444;4667;3333;
8288;2936;7776;1574;
8667;2781;4825;155;
8679;8748;5415;303;
8680;2790;5380;453;
8681;2787;5272;447;
8682;2782;5009;262;
8703;8748;5401;204;
8704;8749;5391;165;
8707;8749;5391;115;
8708;8749;5381;57;
#RiverAuto
7299;7880;2730;3244;
8419;7879;2780;3230;
8420;7880;2724;3242;
8424;6355;2708;3304;
8425;8578;2728;3302;
8426;6355;2703;3303;
8432;8575;2650;3342;
8435;8576;2609;3375;
8436;8576;2560;3367;
8437;8577;2522;3361;
8439;8577;2474;3360;
8440;9258;2440;3475;
8443;8577;2479;3364;
8445;8577;2549;3370;
8446;8576;2596;3382;
8447;8572;2662;3427;
8448;8572;2643;3454;
8449;8575;2664;3340;
8450;6354;2698;3400;
8451;8572;2655;3446;
8452;8580;2844;3391;
8453;8579;2815;3364;
8454;8579;2752;3354;
8455;8578;2740;3353;
8456;8579;2764;3360;
8457;8579;2816;3377;
8460;8580;2851;3421;
8463;8580;2839;3455;
8464;8580;2848;3458;
8465;8581;2860;3506;
8466;8581;2870;3568;
8467;8581;2870;3485;
8472;8581;2877;3542;
8488;9257;2314;3448;
8491;9257;2353;3464;
8492;9257;2374;3481;
8493;8917;2298;3461;
8494;8917;2282;3515;
8495;8917;2295;3513;
8496;9257;2365;3478;
8497;8916;2266;3574;
8498;8916;2287;3533;
8500;9258;2404;3497;
8501;8916;2251;3586;
8502;8916;2285;3563;
8503;9259;2352;3572;
8504;9261;2423;3555;
8505;9259;2311;3588;
8506;9260;2351;3583;
8507;9261;2410;3565;
8511;9260;2372;3589;
8517;8586;2299;3736;
8518;8587;2331;3734;
8519;8587;2368;3719;
8520;8587;2387;3687;
8521;8588;2439;3682;
8524;9261;2424;3559;
8525;9261;2463;3578;
8528;8589;2504;3668;
8529;9258;2427;3484;
8532;9258;2464;3471;
8533;9258;2463;3473;
8536;9261;2435;3558;
8539;9261;2466;3578;
8540;8589;2556;3643;
8541;8574;2628;3599;
8544;8574;2634;3567;
8546;8573;2641;3531;
8548;8573;2647;3491;
8549;8572;2638;3471;
8551;8582;3518;3332;
8552;8582;3511;3314;
8553;8583;3451;3361;
8555;8583;3401;3354;
8557;8584;3360;3340;
8559;8584;3336;3355;
8562;8584;3274;3366;
8563;8585;3239;3417;
8623;8790;3941;246;
8642;9256;3975;199;
8644;9256;3983;195;
8647;9256;3993;162;
8725;9254;3623;129;
2;8918;1713;2382;
16;8918;1706;2379;
18;8919;1701;2407;
20;8919;1716;2396;
21;8920;1686;2425;
23;8920;1698;2418;
102;8920;1685;2439;
134;8923;1622;2530;
135;8922;1596;2527;
138;8922;1574;2528;
139;8923;1616;2536;
140;8923;1635;2538;
147;8921;1673;2569;
148;8921;1673;2566;
149;8933;1599;2610;
150;8934;1658;2621;
151;8933;1597;2613;
152;8033;1564;2635;
340;8802;478;2262;
353;9242;2642;2376;
369;9241;2449;2357;
371;9241;2443;2357;
384;7709;2385;2345;
385;7709;2389;2344;
489;9243;2653;2431;
490;9242;2636;2394;
491;9244;2632;2463;
495;9244;2643;2458;
496;9244;2635;2480;
497;9241;2434;2376;
500;8750;3203;1462;
501;7687;3191;1493;
502;7686;3241;1540;
503;7667;3203;1528;
504;7676;3180;1539;
506;7684;3294;1501;
511;7671;3218;1558;
512;7674;3179;1496;
513;7674;3174;1510;
514;7674;3166;1509;
515;7681;3140;1545;
518;7682;3126;1569;
524;7671;3210;1552;
525;7672;3249;1580;
526;7674;3165;1522;
527;7680;3154;1528;
528;7676;3171;1545;
537;8750;3206;1443;
538;8751;3206;1422;
541;8751;3201;1431;
542;8752;3192;1384;
544;8752;3188;1390;
546;8753;3187;1344;
547;8753;3183;1319;
548;8754;3199;1299;
549;8754;3203;1274;
550;8754;3198;1286;
551;8754;3209;1272;
553;8755;3251;1239;
554;8755;3224;1240;
555;8756;3264;1218;
557;8756;3293;1199;
558;8756;3301;1187;
559;8756;3312;1182;
560;8757;3316;1170;
561;8757;3331;1163;
562;8757;3350;1153;
564;8758;3395;1174;
566;8758;3403;1155;
567;8758;3398;1153;
568;8759;3400;1136;
570;8759;3381;1124;
571;8760;3389;1103;
572;8759;3386;1119;
573;8760;3402;1088;
574;8760;3414;1090;
575;8760;3429;1080;
576;8761;3437;1044;
577;8761;3448;1026;
592;8762;3463;956;
594;8763;3458;896;
595;8763;3449;892;
596;8763;3443;861;
597;8764;3411;860;
598;8764;3406;862;
599;8764;3392;835;
601;8765;3378;809;
602;8765;3370;781;
603;8765;3358;771;
604;8766;3343;726;
605;8767;3311;638;
606;8767;3323;679;
607;8768;3333;616;
608;8769;3327;587;
609;8769;3332;571;
610;8769;3347;553;
611;8769;3347;538;
612;8770;3355;536;
615;8771;3394;449;
616;8771;3373;477;
617;8771;3383;478;
618;8770;3362;495;
619;8772;3401;444;
620;8772;3416;447;
621;8772;3431;443;
622;8772;3432;437;
623;8773;3451;450;
624;8773;3445;438;
625;8774;3479;471;
627;8776;3622;561;
628;8777;3678;516;
629;8777;3663;519;
630;8778;3689;493;
631;8778;3685;485;
632;8778;3693;473;
635;8779;3683;445;
636;8779;3677;421;
637;8779;3684;434;
638;8779;3683;420;
639;8780;3682;407;
640;8780;3673;385;
642;8781;3664;372;
644;8781;3645;353;
645;8776;3583;611;
646;8775;3531;555;
655;7685;3268;1541;
803;9048;3592;2124;
804;9048;3611;2137;
805;9050;3543;2157;
806;9048;3667;2138;
807;9051;3526;2184;
817;9051;3514;2210;
822;9054;3696;2228;
823;9054;3724;2191;
824;9053;3746;2174;
825;9053;3738;2166;
826;9047;3709;2117;
827;9047;3720;2109;
828;9046;3743;2097;
829;9045;3786;2060;
833;9034;3786;2330;
834;9034;3795;2328;
835;9031;3912;2209;
836;9052;3531;2258;
837;9052;3508;2251;
847;9048;3595;2136;
848;9050;3550;2156;
853;9048;3608;2141;
861;9033;3871;2268;
863;9033;3857;2274;
867;6422;3822;2306;
868;6422;3834;2291;
873;9034;3808;2311;
874;9054;3724;2227;
881;9032;3910;2246;
882;9032;3909;2235;
884;9036;3998;2220;
885;9036;4002;2197;
886;9036;3996;2193;
890;9035;4039;2154;
891;9030;3969;2144;
892;9035;4035;2144;
894;9028;4050;2080;
895;9028;4057;2094;
896;9038;4077;2107;
897;9038;4081;2119;
898;9038;4074;2084;
899;9027;4071;2048;
900;9027;4059;2050;
901;9027;4070;2040;
902;9042;4013;2036;
903;9041;4066;1997;
904;9043;3957;2030;
905;6430;3885;2081;
906;9044;3853;2077;
907;9045;3827;2072;
908;9045;3787;2071;
909;9041;4054;2011;
910;9055;4067;2011;
913;7716;4091;2023;
914;9037;4081;2050;
915;9055;4079;2008;
916;7715;4117;2024;
917;9056;4107;1967;
919;9056;4106;1963;
920;6439;4126;1945;
921;6439;4138;1956;
922;7720;4097;1944;
926;7715;4115;2033;
927;7715;4134;2021;
928;7713;4203;2041;
931;6439;4169;1935;
934;6440;4292;1985;
935;9040;4268;1966;
936;7719;4197;1909;
938;6440;4319;1945;
941;7710;4401;1921;
954;9043;3938;2035;
955;9030;3956;2163;
956;9031;3938;2177;
961;7714;4182;2014;
968;7718;4235;1900;
970;7711;4324;1991;
973;7713;4232;2042;
974;7713;4234;2049;
976;7715;4133;2035;
977;9038;4079;2122;
980;7712;4306;2010;
986;6422;3849;2294;
1010;8805;917;2374;
1024;8804;591;2254;
1056;8806;964;2401;
1057;8806;944;2392;
1061;8805;925;2376;
1062;8038;893;2344;
1064;8038;875;2349;
1068;8806;947;2396;
1069;8806;934;2396;
1070;8808;843;2369;
1071;8808;815;2390;
1072;8809;798;2405;
1081;8810;767;2443;
1082;8810;755;2455;
1085;8810;747;2457;
1086;8810;716;2470;
1087;8810;735;2468;
1088;8809;781;2423;
1089;8809;787;2412;
1156;9229;382;2410;
1157;9230;411;2389;
1158;9230;414;2385;
1163;9230;430;2403;
1164;9230;434;2404;
1200;8803;532;2272;
1201;8803;524;2267;
1202;8804;577;2259;
1241;8038;898;2349;
1243;8039;848;2346;
1244;8037;900;2314;
1286;8794;634;2087;
1287;8794;617;2075;
1288;9229;367;2409;
1290;9229;386;2401;
1292;9229;351;2408;
1306;8802;444;2272;
1307;8801;414;2275;
1308;7769;316;2269;
1309;7769;319;2263;
1310;7769;337;2271;
1312;7770;357;2275;
1313;7769;286;2271;
1314;7768;266;2256;
1315;7769;300;2264;
1317;7768;246;2240;
1320;7767;243;2231;
1338;7863;310;2091;
1343;7665;403;2015;
1353;7665;411;2021;
1356;7771;419;2064;
1357;7771;416;2045;
1358;7771;405;2040;
1371;8791;477;2078;
1372;8791;480;2083;
1373;7772;448;2074;
1374;7772;463;2072;
1377;8791;506;2085;
1378;8792;524;2092;
1379;8792;544;2093;
1380;8792;554;2093;
1382;8794;605;2076;
1383;8793;578;2084;
1384;8793;576;2092;
1386;8791;521;2089;
1387;8792;541;2091;
1395;8793;592;2078;
1403;8798;420;2185;
1406;8799;474;2191;
1413;8795;311;2129;
1415;7862;319;2085;
1416;7863;313;2110;
1419;8795;337;2150;
1421;8796;341;2159;
1422;8795;328;2148;
1423;8797;408;2196;
1424;8796;373;2198;
1425;8796;364;2198;
1428;8796;353;2191;
1430;7770;380;2269;
1433;8801;416;2270;
1435;8798;450;2199;
1436;8798;449;2195;
1437;8803;493;2265;
1438;8803;534;2269;
1442;8791;497;2086;
1454;8799;467;2196;
1455;8804;572;2254;
1459;8800;500;2201;
1461;8800;504;2211;
1462;8803;520;2259;
1463;8800;524;2215;
1584;9022;4070;2706;
1617;9026;4036;2594;
1618;9026;4058;2620;
1637;6429;3981;2736;
1643;6429;3936;2727;
1645;6429;3990;2739;
1646;6429;3937;2726;
1650;9026;4057;2631;
1654;9025;4089;2667;
1655;9022;4083;2710;
1661;9023;4034;2721;
1672;9025;4076;2656;
1704;9211;3699;2750;
1705;9211;3688;2754;
1706;9210;3676;2747;
1707;9210;3668;2746;
1711;9210;3652;2738;
1714;9210;3649;2740;
1746;9211;3702;2761;
1847;9052;3522;2255;
1869;9052;3496;2241;
1874;8029;3357;2173;
2016;8852;912;3254;
2018;8852;930;3265;
2025;8853;874;3280;
2026;8853;903;3271;
2038;8035;984;3249;
2041;8853;889;3284;
2042;8852;944;3245;
2044;8856;915;3339;
2045;8856;888;3331;
2048;8855;867;3324;
2049;8854;844;3304;
2050;8851;848;3333;
2054;8856;900;3341;
2055;8856;891;3338;
2056;9228;847;3361;
2058;9232;923;3388;
2059;9228;835;3372;
2060;9228;833;3369;
2065;9233;892;3380;
2067;9231;938;3425;
2068;9231;943;3412;
2069;9234;937;3450;
2077;9235;914;3486;
2078;9235;912;3495;
2088;9235;901;3506;
2107;9228;812;3380;
2181;8857;517;3427;
2185;8858;543;3458;
2191;6306;561;3478;
2194;6306;571;3514;
2196;6306;569;3522;
2201;6306;561;3508;
2232;7741;865;2709;
2261;8814;1063;2571;
2262;8814;1038;2569;
2263;8814;1026;2565;
2269;8813;979;2587;
2271;8812;943;2592;
2279;8813;979;2574;
2280;8813;989;2568;
2287;8815;907;2660;
2288;8811;907;2629;
2289;7766;885;2640;
2292;8816;945;2653;
2293;8812;937;2602;
2294;8811;914;2628;
2301;8847;1229;2724;
2303;8846;1214;2709;
2304;8846;1215;2694;
2305;8847;1259;2705;
2306;8846;1207;2666;
2307;8846;1213;2671;
2309;8845;1199;2616;
2310;8845;1206;2617;
2311;8845;1194;2599;
2314;7846;1187;2544;
2316;8844;1194;2587;
2317;8844;1198;2568;
2320;8844;1201;2577;
2321;8924;1214;2550;
2322;8924;1231;2538;
2324;8925;1257;2533;
2327;8817;966;2650;
2328;8817;997;2657;
2329;8817;972;2655;
2337;8817;1021;2655;
2338;8817;1000;2649;
2350;8820;1049;2920;
2352;7866;881;2891;
2356;8849;1214;2756;
2358;8849;1224;2783;
2359;8850;1228;2800;
2360;8850;1218;2809;
2362;8850;1233;2822;
2363;8850;1236;2822;
2364;8849;1209;2752;
2365;8850;1221;2791;
2366;8823;1142;2811;
2368;8822;1109;2836;
2370;8824;1166;2768;
2371;8824;1162;2771;
2372;8824;1149;2789;
2374;8823;1126;2818;
2395;7867;949;2872;
2398;7866;886;2885;
2399;7867;924;2872;
2400;7867;913;2891;
2407;8819;1014;2897;
2412;8822;1106;2848;
2413;8821;1104;2875;
2414;8821;1099;2871;
2415;8833;1134;2918;
2416;8820;1080;2900;
2417;8820;1072;2908;
2418;8832;1127;2927;
2421;8818;981;2880;
2422;8818;1001;2886;
2423;8818;984;2885;
2424;8819;1007;2895;
2425;8819;1027;2910;
2430;8833;1150;2894;
2431;8830;1197;2904;
2432;8833;1144;2898;
2433;8830;1203;2898;
2434;8822;1109;2849;
2439;8833;1150;2887;
2443;7870;1015;3053;
2444;8838;1077;3027;
2445;8839;1091;3045;
2448;8828;1136;2964;
2449;8829;1187;2938;
2450;8836;1196;3007;
2451;8843;1192;3053;
2452;8842;1148;3049;
2455;8875;1261;3015;
2466;7870;1013;3039;
2467;7868;979;3061;
2472;8838;1078;3032;
2473;8825;1033;3030;
2474;8825;1053;3023;
2477;8825;1046;3014;
2480;8827;1105;2957;
2481;8827;1086;2973;
2482;8828;1119;2962;
2483;8827;1094;2976;
2484;8834;1104;3014;
2485;8834;1118;3009;
2486;8828;1156;2973;
2487;8835;1150;3015;
2488;8829;1178;2938;
2489;8837;1205;2982;
2490;8836;1193;3007;
2491;8836;1179;3017;
2492;8835;1139;3014;
2493;8840;1124;3066;
2494;8875;1255;3020;
2495;8837;1227;2977;
2496;8837;1237;2969;
2498;8875;1265;3002;
2543;9007;2486;3049;
3001;8867;1306;3025;
3005;8830;1204;2910;
3006;8837;1215;2975;
3008;8837;1237;2964;
3009;8863;1383;2880;
3012;8863;1384;2882;
3019;8863;1384;2921;
3020;8862;1398;2945;
3021;8862;1403;2972;
3022;8863;1393;2927;
3024;8862;1395;2953;
3025;8861;1413;2975;
3038;9208;1133;3116;
3040;9207;1146;3160;
3041;9207;1150;3157;
3044;9208;1135;3102;
3045;9208;1139;3107;
3047;8841;1178;3095;
3048;8843;1189;3055;
3049;8843;1216;3052;
3051;8874;1221;3074;
3052;8860;1436;3012;
3053;8860;1429;3006;
3054;8860;1440;3030;
3055;8859;1438;3062;
3056;8859;1434;3056;
3058;9234;927;3461;
3067;9240;432;1779;
3072;9240;435;1781;
3073;9239;422;1805;
3074;9239;409;1815;
3075;9239;420;1814;
3076;9238;403;1837;
3079;9240;449;1769;
3308;7865;854;2893;
3310;8782;3613;338;
3311;8783;3609;306;
3312;8784;3607;256;
3315;8784;3615;218;
3318;8785;3608;172;
3320;8785;3613;151;
3321;8786;3757;451;
3322;8788;3831;408;
3323;8789;3887;343;
3328;8790;3934;279;
3518;8925;1268;2536;
3521;8925;1267;2534;
3523;8925;1247;2528;
3539;8847;1259;2706;
3550;8930;1405;2602;
3555;8929;1441;2635;
3556;8929;1429;2631;
3557;8930;1411;2616;
3558;8928;1411;2659;
3559;8930;1416;2625;
3560;8928;1404;2662;
3562;8927;1432;2660;
3563;8928;1380;2624;
3564;8930;1400;2612;
3565;8926;1460;2648;
3566;8931;1463;2674;
3567;8931;1454;2689;
3571;8931;1462;2683;
3572;8926;1485;2659;
3573;8034;1506;2657;
3574;8926;1496;2650;
3575;8034;1521;2648;
3576;8033;1548;2642;
3583;6373;1571;2683;
3585;8033;1555;2645;
3586;8932;1583;2659;
3587;8032;1570;2633;
3588;8933;1603;2622;
3589;8031;1602;2650;
3591;8933;1615;2627;
3592;8934;1639;2628;
3597;8031;1631;2641;
3621;8847;1257;2714;
3622;8847;1249;2728;
3647;8951;1791;2938;
3649;8950;1837;2932;
3651;8950;1859;2944;
3652;8949;1888;2950;
3661;6373;1588;2715;
3662;6373;1583;2704;
3676;9206;1168;3178;
3677;9206;1171;3192;
3678;9205;1206;3204;
3682;8873;1247;3140;
3686;8875;1249;3050;
3689;8867;1317;3060;
3690;8866;1333;3067;
3691;8867;1316;3042;
3700;8864;1457;3101;
3702;8864;1477;3080;
3703;8874;1226;3085;
3704;8873;1225;3107;
3705;8873;1246;3137;
3706;9205;1212;3205;
3709;8871;1283;3182;
3710;8871;1296;3204;
3711;8869;1286;3248;
3712;8869;1276;3257;
3713;8868;1255;3249;
3715;7727;1337;3207;
3716;8871;1295;3198;
3717;7728;1346;3185;
3718;8872;1284;3168;
3719;8872;1278;3149;
3721;8865;1378;3110;
3722;8865;1372;3104;
3723;7731;1408;3084;
3724;8865;1360;3085;
3726;8866;1349;3087;
3730;8866;1335;3073;
3737;8864;1479;3072;
3741;8958;1534;2942;
3742;8958;1534;2946;
3743;8958;1514;2932;
3746;8958;1514;2929;
3749;8956;1596;2974;
3758;8954;1656;2996;
3759;8953;1701;2982;
3761;8953;1731;2963;
3762;8952;1753;2956;
3766;8955;1616;2979;
3769;8956;1570;2967;
3771;8957;1550;2956;
3773;8955;1609;2975;
3774;8956;1594;2976;
3775;8957;1565;2962;
3776;8876;1313;3271;
3777;7726;1333;3240;
3779;8902;1376;3307;
3780;8902;1376;3327;
3785;7727;1346;3205;
3787;7728;1359;3170;
3788;7730;1387;3130;
3798;8864;1480;3081;
3808;8954;1659;3000;
3815;8953;1701;2986;
3817;8953;1736;2965;
3819;8952;1778;2946;
3829;9237;1477;3331;
3834;8902;1373;3346;
3838;9237;1467;3358;
3840;9236;1455;3361;
3841;8831;1377;3350;
3842;8831;1384;3377;
3849;8868;1234;3251;
3876;6333;1471;3668;
3878;6333;1500;3705;
3888;7885;1532;3395;
3890;7885;1504;3403;
3893;7886;1606;3366;
3906;8884;1771;3391;
3907;7887;1628;3355;
3908;8886;1773;3337;
3910;8880;1765;3180;
3911;8881;1784;3138;
3912;8881;1764;3140;
3916;8950;1855;2951;
3917;8951;1820;2939;
3918;8947;1955;2938;
3919;8947;1965;2937;
3920;8947;1948;2942;
3921;8949;1899;2955;
3927;8946;1987;2919;
3942;8881;1788;3126;
3950;8883;1637;3227;
3951;8883;1644;3197;
3959;8882;1626;3225;
3962;9237;1482;3351;
3964;9237;1482;3322;
3966;8882;1621;3240;
3967;8882;1625;3257;
3968;7888;1618;3290;
3969;7887;1626;3344;
3970;7886;1568;3377;
3971;7886;1601;3358;
3972;7885;1531;3388;
3980;8880;1772;3172;
3984;8885;1753;3344;
3985;8885;1757;3363;
3987;7888;1640;3319;
3988;8878;1689;3236;
3989;8877;1668;3259;
3990;8879;1715;3207;
3996;8878;1689;3256;
3999;8886;1767;3335;
4000;8886;1781;3301;
4002;8888;1851;3257;
4003;8888;1858;3250;
4007;8890;1906;3211;
4010;8891;1948;3186;
4013;8892;1992;3145;
4014;8893;2007;3115;
4015;8893;2000;3078;
4031;8966;1877;2807;
4038;8984;1928;2711;
4039;8984;1903;2725;
4041;8983;1961;2683;
4073;8982;1973;2677;
4076;8981;2027;2666;
4126;8979;2105;2654;
4129;8980;2075;2670;
4134;8966;1903;2805;
4135;8966;1872;2821;
4137;8965;1937;2787;
4138;6356;1987;2819;
4140;8965;1941;2790;
4147;8947;1973;2922;
4155;8945;2029;2906;
4156;8945;2051;2909;
4158;8943;2076;2867;
4160;6356;2036;2841;
4162;8942;2079;2806;
4163;6356;2016;2823;
4164;8959;2064;2803;
4165;6356;1985;2810;
4166;6356;2006;2817;
4169;8941;2076;2764;
4170;8941;2092;2729;
4171;8962;2043;2736;
4172;8962;2024;2736;
4173;8964;1965;2773;
4174;8963;1991;2752;
4177;8983;1954;2693;
4178;8982;1975;2682;
4179;8963;1995;2744;
4180;8964;1975;2757;
4181;8984;1934;2710;
4182;8964;1968;2762;
4183;8982;2001;2677;
4186;8980;2056;2677;
4187;8961;2062;2724;
4188;8961;2085;2713;
4189;8939;2143;2689;
4190;8938;2188;2674;
4192;8978;2126;2665;
4194;8978;2132;2663;
4196;8977;2171;2643;
4199;8937;2229;2648;
4200;8936;2274;2658;
4207;8936;2286;2652;
4209;7782;2329;2647;
4211;7782;2349;2660;
4214;7782;2340;2630;
4216;7781;2365;2606;
4217;7781;2372;2589;
4223;7781;2388;2591;
4224;7781;2409;2594;
4226;7780;2442;2590;
4227;7780;2468;2593;
4231;7779;2498;2597;
4238;7779;2526;2596;
4239;7778;2550;2603;
4240;7778;2563;2615;
4242;7777;2592;2641;
4252;7776;2654;2660;
4257;7776;2677;2675;
4263;8935;2305;2659;
4266;8988;2473;2622;
4268;8989;2451;2654;
4269;8989;2443;2682;
4270;8985;2423;2640;
4271;8986;2390;2674;
4272;8990;2438;2699;
4274;8987;2380;2687;
4275;8987;2369;2694;
4276;7781;2394;2600;
4277;7782;2363;2623;
4278;8986;2409;2650;
4279;8986;2396;2658;
4280;8990;2443;2730;
4283;8987;2381;2717;
4312;9244;2635;2474;
4315;9088;6048;3044;
4317;9076;5874;2934;
4319;9075;5883;2905;
4320;9076;5878;2976;
4329;9076;5875;2990;
4342;9088;6070;3098;
4345;9088;6066;3083;
4349;9084;6003;2761;
4351;9074;5922;2799;
4354;7696;5979;2323;
4357;9089;6124;2331;
4358;9090;6062;2357;
4359;7695;6023;2304;
4360;9091;5999;2427;
4361;7697;5944;2349;
4362;7697;5939;2383;
4363;7698;5941;2418;
4364;7698;5937;2446;
4365;7698;5933;2410;
4372;7700;5977;2521;
4373;7692;6003;2617;
4374;7700;5993;2576;
4375;7700;5980;2569;
4376;7699;5955;2495;
4377;9072;6000;2654;
4378;9077;6061;2726;
4382;9084;6010;2818;
4383;9075;5888;2861;
4384;9085;5997;2880;
4385;9083;6012;2697;
4386;9072;5968;2725;
4387;9119;6386;2979;
4388;9079;6125;2858;
4389;9081;6156;2968;
4392;9081;6192;2993;
4393;9080;6149;2925;
4396;9086;6023;2943;
4398;9086;6005;2923;
4399;9087;6028;2996;
4401;9082;6249;3029;
4402;9120;6375;3052;
4403;9110;6442;3027;
4412;9119;6390;2980;
4413;9119;6417;2945;
4418;9082;6233;3013;
4419;9110;6435;3048;
4421;9118;6454;2919;
4422;9117;6506;2884;
4423;9109;6525;2942;
4426;9108;6568;2939;
4427;9115;6656;2871;
4431;9103;6967;2935;
4432;9111;6902;2893;
4433;9131;6916;2996;
4434;9113;6799;2882;
4436;9108;6617;2940;
4441;9100;7078;3097;
4443;7708;7123;3128;
4446;7706;7247;3210;
4452;9109;6506;2970;
4454;9110;6458;3017;
4455;9132;6858;2993;
4457;9149;6918;3158;
4458;9149;6936;3155;
4460;9151;7142;3281;
4461;9151;7152;3221;
4463;7707;7177;3147;
4464;9151;7151;3272;
4465;9101;7010;3007;
4466;9112;6875;2883;
4469;9128;6714;2778;
4472;9124;6568;2716;
4477;9099;6890;2629;
4483;9097;6802;2536;
4486;9096;6733;2428;
4492;9094;6635;2323;
4493;9093;6574;2263;
4497;9204;6528;2390;
4499;9204;6547;2433;
4512;7775;2695;2700;
4514;7775;2673;2724;
4515;7775;2688;2711;
4518;7774;2672;2755;
4564;9212;3283;2903;
4759;8886;1787;3320;
4763;8896;1974;3384;
4770;8889;1879;3252;
4771;8890;1947;3196;
4773;8890;1923;3213;
4776;8897;2024;3352;
4778;8892;1988;3164;
4800;7773;2679;2795;
4802;8998;2668;2805;
4803;8997;2593;2753;
4804;8995;2632;2789;
4805;8997;2605;2746;
4807;7775;2686;2690;
4808;8993;2645;2706;
4809;8991;2587;2661;
4810;8991;2575;2657;
4812;8993;2612;2702;
4813;8994;2579;2703;
4814;8994;2549;2704;
4815;8992;2543;2676;
4817;7779;2537;2601;
4818;8988;2488;2609;
4819;8992;2502;2692;
4820;8988;2463;2644;
4822;8990;2445;2713;
4823;8992;2492;2699;
4826;8937;2214;2665;
4831;8967;2189;2696;
4832;8967;2180;2718;
4834;8975;2211;2774;
4835;8968;2166;2764;
4836;8976;2244;2787;
4837;8976;2244;2782;
4838;8976;2262;2780;
4841;8976;2219;2782;
4842;8939;2169;2693;
4843;8940;2115;2696;
4844;8941;2089;2783;
4845;8941;2095;2739;
4846;8968;2166;2736;
4847;8968;2162;2786;
4849;8942;2091;2815;
4850;8970;2150;2833;
4852;8944;2088;2908;
4853;8971;2167;2895;
4855;8943;2081;2867;
4856;8973;2182;2843;
4857;8971;2174;2877;
4858;8974;2234;2861;
4859;8974;2272;2871;
4860;8974;2269;2869;
4863;8896;2008;3424;
4867;8945;2068;2920;
4868;8945;2042;2914;
4876;8972;2201;2937;
4877;8972;2199;2919;
4878;8972;2219;2959;
4879;8972;2227;2968;
4880;8972;2223;2954;
4887;8905;2171;3150;
4890;8906;2142;3132;
4894;8893;2017;3099;
4895;8906;2148;3141;
4896;8906;2117;3125;
4897;8907;2045;3108;
4899;8907;2082;3121;
4912;8996;2585;2861;
4913;8996;2604;2833;
4914;9002;2566;2995;
4915;7883;2679;3003;
4916;7882;2700;2951;
4917;7882;2728;2926;
4921;9000;2659;2890;
4922;8999;2665;2863;
4923;8996;2599;2844;
4924;8999;2658;2845;
4928;9000;2636;2926;
4932;9001;2621;2930;
4933;9002;2582;2971;
4937;9003;2546;3019;
4938;9003;2474;3014;
4939;9003;2492;3015;
4940;9007;2439;3049;
4941;9007;2436;3060;
5383;9007;2438;3060;
5397;9064;4980;3131;
5423;9253;4472;2846;
5427;9252;4543;2869;
5445;9080;6152;2903;
5452;9251;4608;2958;
5453;9251;4605;3007;
5454;9250;4585;3076;
5455;9250;4568;3043;
5456;9250;4590;3018;
5475;6443;4572;3101;
5476;6443;4566;3149;
5477;6443;4587;3152;
5483;9061;4634;3273;
5549;8750;3199;1453;
5628;9151;7140;3298;
5867;9219;3825;2931;
5869;9220;3769;2920;
5871;9221;3698;2909;
5886;9215;3450;2982;
5888;9008;3434;3133;
5891;9009;3479;3104;
5892;9009;3516;3111;
5894;9010;3584;3110;
5895;9010;3621;3084;
5897;9010;3652;3076;
5899;9008;3460;3121;
5900;9009;3555;3109;
5904;9017;3737;3251;
5905;9017;3798;3252;
5907;8047;3829;3187;
5908;8049;3833;3220;
5909;8049;3835;3254;
5910;8048;3891;3264;
5912;9014;4018;3412;
5913;9014;4050;3397;
5930;9217;3551;2939;
6067;9006;2525;3040;
6070;9005;2564;3057;
6084;9004;2628;3033;
6085;9004;2655;3021;
6086;9248;2682;3081;
6088;9248;2718;3062;
6090;7880;2736;3229;
6093;7879;2804;3193;
6096;9247;2761;3051;
6097;9246;2818;3014;
6098;9246;2810;3035;
6100;9245;2863;2994;
6102;9245;2873;2983;
6109;7879;2805;3199;
6110;7878;2852;3180;
6112;7878;2855;3187;
6117;7878;2912;3168;
6118;7872;2985;3013;
6123;7873;2990;3032;
6124;7872;2991;3008;
6125;7877;2963;3161;
6128;7877;2964;3157;
6130;7876;2994;3141;
6131;7876;3027;3149;
6139;7875;3032;3138;
6141;7873;3010;3054;
6142;7875;3047;3087;
6143;7875;3049;3095;
6144;7873;3019;3052;
6145;7874;3053;3075;
6178;8042;3350;3123;
6179;9012;3316;3218;
6180;9012;3347;3214;
6182;9012;3312;3231;
6183;9012;3357;3220;
6187;9011;3387;3199;
6188;9011;3393;3199;
6189;9011;3394;3173;
6191;8044;3438;3182;
6192;9008;3426;3145;
6198;8045;3474;3201;
6199;9013;3506;3278;
6200;8046;3504;3228;
6201;8046;3496;3210;
6206;9013;3512;3268;
6209;9015;3608;3271;
6210;9016;3624;3253;
6211;9015;3610;3275;
6212;9016;3652;3236;
6213;9016;3648;3241;
6214;9013;3522;3296;
6215;9015;3598;3294;
6216;9020;3644;3315;
6217;9018;3681;3312;
6220;9018;3701;3283;
6221;9019;3748;3272;
6222;9019;3723;3294;
6224;9017;3762;3276;
6225;9017;3780;3262;
6228;8049;3829;3261;
6238;8914;2373;3153;
6244;8914;2364;3176;
6245;8914;2381;3154;
6247;8914;2364;3172;
6248;8913;2359;3196;
6249;8913;2334;3212;
6250;8914;2401;3143;
6253;8912;2340;3227;
6254;8904;2208;3181;
6256;8912;2324;3245;
6258;8912;2308;3254;
6259;8904;2208;3189;
6260;8904;2214;3205;
6262;8911;2301;3274;
6263;8903;2212;3251;
6267;8901;2199;3268;
6268;8901;2191;3265;
6273;8901;2162;3291;
6275;8900;2157;3317;
6276;8899;2084;3329;
6277;8908;2129;3342;
6278;8899;2097;3333;
6279;8898;2062;3345;
6280;8897;2027;3357;
6281;8896;1990;3382;
6282;8895;2026;3473;
6289;8908;2162;3351;
6291;8911;2295;3291;
6293;8909;2202;3364;
6294;8910;2296;3307;
6298;8910;2301;3304;
6681;9071;5456;3115;
6689;9070;5358;3099;
6690;9070;5376;3111;
6691;9071;5463;3128;
6692;9071;5477;3136;
6707;9064;4960;3163;
6709;9065;5008;3122;
6718;9065;5069;3115;
6796;6443;4617;3103;
6797;6443;4622;3127;
6799;9063;4787;3205;
6800;9063;4836;3197;
6802;9064;4955;3160;
6803;9249;4633;3174;
6806;9251;4608;2931;
6807;9251;4632;2979;
6808;9252;4561;2894;
6812;9253;4523;2842;
6822;7694;6065;2250;
6827;9090;6034;2380;
6855;9092;6554;2249;
6860;9197;6576;2188;
6926;9192;7534;1739;
6928;9192;7541;1767;
6929;9196;7570;1783;
6930;9193;7473;1719;
6933;9191;7556;1796;
6934;9191;7558;1814;
6937;9194;7419;1724;
6946;9193;7490;1718;
6983;9189;7446;1924;
6984;9189;7473;1929;
6988;9190;7470;1840;
6989;9195;7384;1785;
6991;9194;7431;1724;
6992;9192;7512;1731;
6994;9190;7511;1843;
6995;9190;7455;1841;
6996;9190;7471;1843;
7000;9189;7456;1929;
7006;9183;7093;1878;
7010;9188;7269;1875;
7012;9185;7370;2052;
7013;9171;7256;2144;
7014;9188;7255;1896;
7020;9188;7221;1917;
7021;9187;7221;1973;
7024;9188;7217;1927;
7025;9186;7333;2005;
7026;9186;7336;2014;
7027;9185;7357;2020;
7029;9195;7364;1780;
7034;9187;7260;1989;
7038;9183;7084;1866;
7041;9169;7329;2240;
7042;9170;7292;2230;
7043;9171;7258;2158;
7044;9169;7311;2238;
7045;9158;7396;2322;
7048;9172;7245;2113;
7049;9171;7254;2151;
7052;9176;6904;1953;
7053;9178;7050;2084;
7054;9159;7322;2349;
7056;9159;7289;2337;
7059;9176;6865;1957;
7063;9164;6864;2203;
7068;9156;7131;2693;
7069;9181;7136;2016;
7070;9174;7070;1998;
7071;9182;7117;1942;
7072;9183;7092;1894;
7077;9167;7056;2495;
7079;9163;7020;2246;
7087;9174;7055;1985;
7088;9183;7065;1842;
7091;9181;7206;2066;
7092;9174;7081;2040;
7096;9156;7157;2698;
7098;9178;7009;2071;
7099;9160;7265;2358;
7100;9154;7401;2754;
7103;9180;6811;2074;
7104;9180;6827;2066;
7105;9180;6836;2070;
7106;9180;6874;2070;
7107;9176;6941;1951;
7109;9175;7028;1976;
7111;9179;6950;2053;
7113;9179;6918;2053;
7115;9166;7087;2423;
7116;9197;6592;2204;
7117;9198;6676;2272;
7118;9172;7216;2101;
7119;9173;7183;2077;
7123;9159;7316;2354;
7124;9166;7118;2403;
7125;9199;6691;2284;
7126;9200;6782;2327;
7127;9180;6895;2071;
7129;9168;7021;2571;
7130;9157;7114;2610;
7131;9157;7115;2612;
7132;9157;7103;2640;
7133;9160;7157;2365;
7144;9164;6940;2213;
7145;9161;7130;2330;
7146;9164;6878;2195;
7148;9184;7160;2207;
7149;9184;7191;2228;
7150;9161;7151;2335;
7151;9167;7061;2498;
7152;9184;7153;2193;
7154;9177;7089;2072;
7155;9162;7049;2284;
7160;9163;6963;2239;
7161;9164;6918;2202;
7163;9161;7094;2330;
7164;9163;6953;2235;
7167;9154;7338;2744;
7168;9155;7282;2723;
7170;9153;7466;2805;
7171;9154;7417;2758;
7175;9155;7238;2742;
7181;9152;7437;2841;
7182;9199;6736;2294;
7185;7881;2743;2929;
7187;9245;2869;2980;
7188;7871;2934;2958;
7189;7882;2707;2955;
7190;7871;2954;2963;
7218;9117;6546;2859;
7219;9114;6735;2864;
7228;9068;5260;3067;
7229;9069;5301;3072;
7230;9067;5167;3085;
7231;9067;5189;3078;
7232;9069;5298;3077;
7235;9068;5225;3085;
7236;9068;5229;3080;
7239;9066;5129;3101;
7240;9065;5055;3110;
7242;9066;5115;3104;
7245;9227;5339;3426;
7263;9227;5301;3433;
7267;9227;5257;3432;
7270;9226;5223;3474;
7276;9227;5343;3415;
7278;9227;5293;3433;
7302;9129;6742;2674;
7305;9122;6602;2809;
7306;9123;6578;2760;
7311;9201;6811;2418;
7312;9099;6845;2591;
7313;9097;6807;2534;
7318;9201;6827;2438;
7322;9150;7249;3223;
7323;9141;7361;3375;
7326;7705;7321;3202;
7328;7787;7403;3138;
7329;9147;7485;3081;
7334;7702;7515;3237;
7336;7789;7482;3120;
7337;7787;7408;3144;
7339;9143;7424;3472;
7340;9140;7422;3320;
7341;9143;7462;3553;
7342;9143;7438;3488;
7343;9141;7362;3406;
7344;9141;7365;3386;
7348;9143;7459;3522;
7350;9144;7489;3592;
7351;9145;7544;3704;
7352;9145;7546;3681;
7353;9146;7544;3765;
7354;9146;7552;3812;
7355;9146;7548;3803;
7358;7789;7519;3111;
7359;7791;7458;3202;
7362;9147;7480;3050;
7367;9150;7226;3206;
7369;9136;6961;3071;
7370;9101;7028;3037;
7371;9130;6965;2993;
7373;9104;6885;2922;
7374;9137;6880;3036;
7376;9112;6837;2894;
7379;9138;6784;3030;
7380;9133;6766;2974;
7381;9107;6639;2956;
7382;9105;6831;2928;
7384;9149;6929;3192;
7394;7792;7518;3182;
7396;7793;7545;3162;
7397;7792;7517;3172;
7398;7704;7391;3206;
7399;9087;6029;3007;
7400;7707;7199;3166;
7402;9120;6372;3060;
7404;9108;6579;2943;
7405;9134;6650;3034;
7406;9134;6685;3015;
7408;9121;6641;2861;
7409;9126;6775;2865;
7410;9115;6688;2872;
7411;9106;6781;2923;
7418;9203;6512;2336;
7419;9203;6505;2330;
7421;9097;6769;2478;
7423;9200;6792;2373;
7424;9096;6730;2411;
7427;9204;6561;2425;
7429;9204;6533;2454;
7430;9204;6517;2434;
7435;9125;6562;2654;
7436;9125;6549;2613;
7438;9125;6546;2606;
7439;9125;6556;2635;
7444;9122;6598;2820;
7445;9124;6570;2704;
7446;9123;6579;2744;
7447;9116;6560;2846;
7451;9168;6981;2601;
7454;9099;6891;2628;
7457;9098;6829;2562;
7460;9128;6710;2727;
7461;9129;6734;2690;
7469;9128;6719;2766;
7471;9127;6719;2802;
7472;9121;6675;2858;
7476;9103;6956;2936;
7477;9148;7007;3132;
7478;9135;7026;3085;
7479;9150;7168;3191;
7481;9151;7156;3248;
7482;9138;6770;3029;
7483;9132;6807;2983;
7484;9137;6895;3046;
7488;9148;7008;3135;
7490;7784;7456;3274;
7491;9139;7532;3291;
7492;9076;5868;2937;
7494;9140;7464;3335;
7495;9140;7507;3322;
7496;9140;7484;3325;
7497;7703;7414;3217;
7498;7704;7340;3195;
7579;8766;3333;705;
7581;8767;3328;673;
7582;8768;3323;634;
7583;8768;3348;607;
7584;8776;3625;586;
7585;8774;3500;505;
7586;8774;3481;497;
7587;8787;3809;410;
7588;8788;3863;370;
7589;8789;3918;309;
7590;8790;3947;232;
7592;8786;3731;451;
7602;9218;3873;2947;
7608;9214;3354;2918;
7609;9216;3475;2967;
7610;9214;3403;2946;
7612;9213;3301;2921;
7613;9213;3345;2922;
7614;9214;3399;2942;
7620;9217;3521;2951;
7623;9219;3833;2928;
7626;9220;3778;2919;
7629;9221;3665;2903;
7630;9217;3557;2918;
7631;9221;3664;2904;
7660;7695;6008;2305;
7668;7667;3216;1534;
7689;7677;3171;1566;
7723;7717;4302;1902;
7732;8864;1439;3089;
7738;7729;1373;3134;
7804;8909;2192;3368;
7807;8916;2225;3587;
7808;8915;2208;3586;
7820;8909;2217;3367;
7821;8910;2301;3324;
7831;8915;2170;3574;
4934;9001;2609;2947;
4448;9148;7064;3123;
6804;9249;4716;3203;
3190;5367;1429;1672;
3191;5367;1392;1655;
3196;5367;1463;1671;
3202;9255;1500;1669;
3290;9255;1508;1659;
8091;8776;3577;616;
8109;9254;3657;101;
8110;9254;3638;120;
8113;9254;3676;86;
8251;5367;1465;1637;
8252;5367;1488;1644;
8253;5367;1457;1622;
8254;5367;1447;1614;
8255;5367;1439;1605;
8256;5367;1396;1608;
8257;5367;1378;1632;
7246;9222;4769;3587;
7247;9223;4832;3599;
7248;9223;4896;3622;
7249;9224;4965;3598;
7250;9224;5022;3582;
7251;9224;5051;3602;
7252;9222;4710;3570;
7253;9222;4682;3553;
7261;9225;5097;3588;
7262;9225;5159;3566;
7269;9225;5181;3554;
7272;9226;5189;3545;
end;end;-1;-1;
